id,age,sex,region,income,married,children,car,save_act,current_act,mortgage,response
ID13791,21,M,TOWN,12409.6,YES,0,NO,YES,YES,YES,YES
ID13792,42,M,INNER_CITY,31832.4,YES,3,YES,NO,NO,NO,YES
ID13799,39,M,INNER_CITY,29590.6,YES,2,NO,NO,NO,YES,YES
ID13801,20,M,TOWN,10468.6,NO,3,YES,YES,YES,NO,YES
ID13890,66,F,INNER_CITY,45189.8,YES,0,NO,YES,NO,NO,YES
ID13909,32,F,TOWN,13267.6,YES,0,YES,YES,YES,YES,YES
ID13910,38,M,TOWN,24424.3,YES,0,NO,YES,YES,YES,YES
ID13929,19,F,INNER_CITY,8162.4,YES,1,YES,YES,YES,YES,YES
ID13940,30,M,RURAL,11536.2,YES,2,NO,NO,YES,YES,YES
ID13943,36,M,SUBURBAN,28495.1,YES,0,NO,YES,YES,NO,YES
ID13947,65,M,INNER_CITY,38080.9,YES,1,YES,YES,NO,YES,YES
ID13716,46,M,TOWN,33724.5,YES,0,NO,YES,YES,NO,YES
ID13725,50,M,RURAL,43719.8,YES,0,YES,YES,NO,YES,YES
ID13727,23,F,INNER_CITY,8822.2,YES,1,YES,NO,YES,NO,YES
ID13731,27,F,TOWN,20411.4,YES,3,NO,NO,YES,NO,YES
ID13744,58,F,INNER_CITY,48334.6,YES,0,YES,YES,YES,NO,YES
ID13745,49,M,RURAL,45608.5,YES,3,NO,YES,YES,YES,YES
ID13820,22,M,INNER_CITY,12552.1,YES,1,YES,NO,YES,NO,YES
ID13831,30,M,TOWN,24867.6,YES,0,YES,YES,NO,NO,YES
ID13841,29,F,RURAL,15237.6,YES,2,YES,NO,YES,NO,YES
ID13859,45,F,SUBURBAN,28864.9,YES,0,NO,YES,YES,NO,YES
ID13642,62,M,INNER_CITY,46870.4,YES,0,NO,YES,YES,NO,YES
ID13645,36,F,TOWN,17247.7,YES,2,YES,YES,YES,NO,YES
ID13664,26,M,RURAL,19563.8,NO,3,YES,NO,NO,YES,YES
ID13672,18,F,INNER_CITY,11601.4,YES,2,NO,YES,YES,YES,YES
ID13757,52,F,INNER_CITY,31255.1,YES,0,NO,NO,YES,NO,YES
ID13772,33,F,TOWN,13396.3,YES,2,NO,YES,YES,YES,YES
ID13780,48,M,TOWN,31812.6,YES,0,NO,YES,NO,YES,YES
ID13787,48,F,INNER_CITY,17526.6,YES,0,NO,YES,NO,NO,YES
ID13789,23,M,RURAL,18044.1,YES,0,NO,YES,NO,NO,YES
ID13561,45,F,TOWN,29231.4,YES,0,NO,YES,NO,NO,YES
ID13583,61,F,INNER_CITY,47025.0,NO,2,YES,YES,YES,YES,YES
ID13587,37,M,TOWN,30488.0,YES,0,NO,YES,YES,YES,YES
ID13593,34,M,RURAL,23638.1,YES,2,YES,YES,YES,NO,YES
ID13594,23,M,SUBURBAN,11073.0,YES,2,NO,YES,NO,NO,YES
ID13603,53,M,RURAL,48971.6,YES,3,YES,YES,NO,NO,YES
ID13615,19,F,TOWN,12549.0,YES,0,NO,YES,YES,NO,YES
ID13635,66,M,TOWN,46963.9,YES,1,NO,YES,YES,NO,YES
ID13706,20,F,INNER_CITY,10900.8,YES,3,NO,NO,YES,NO,YES
ID13709,51,F,INNER_CITY,21358.4,YES,0,NO,YES,YES,NO,YES
ID13710,41,M,INNER_CITY,22952.9,YES,0,YES,YES,YES,NO,YES
ID13413,27,F,TOWN,13950.4,NO,1,YES,YES,YES,YES,YES
ID13427,63,F,TOWN,43943.0,YES,0,YES,YES,YES,YES,YES
ID13492,64,M,INNER_CITY,53104.3,YES,0,YES,YES,YES,NO,YES
ID13539,47,F,TOWN,25127.7,YES,0,YES,NO,NO,NO,YES
ID13544,36,M,INNER_CITY,12533.2,NO,1,NO,YES,NO,YES,YES
ID13557,32,M,TOWN,24027.6,NO,0,NO,YES,YES,NO,YES
ID13335,56,F,INNER_CITY,28981.1,YES,3,YES,YES,YES,YES,YES
ID13343,59,F,RURAL,30971.8,YES,3,YES,YES,YES,YES,YES
ID13347,57,F,TOWN,28421.7,YES,2,YES,YES,YES,YES,YES
ID13349,64,F,INNER_CITY,49917.3,YES,0,YES,YES,YES,YES,YES
ID13355,40,M,INNER_CITY,27417.6,YES,0,NO,YES,YES,YES,YES
ID13363,36,F,TOWN,26920.8,YES,0,NO,NO,YES,NO,YES
ID13372,33,F,TOWN,29541.7,YES,0,NO,YES,NO,NO,YES
ID13373,47,M,INNER_CITY,23038.2,YES,0,YES,YES,NO,NO,YES
ID13377,58,F,TOWN,38248.3,YES,3,YES,YES,NO,NO,YES
ID13438,37,F,TOWN,29574.0,YES,0,YES,YES,YES,NO,YES
ID13474,38,M,INNER_CITY,21876.5,YES,0,NO,NO,YES,NO,YES
ID13481,35,F,TOWN,28658.3,YES,0,YES,YES,YES,NO,YES
ID13273,43,F,INNER_CITY,38784.0,YES,0,NO,YES,YES,NO,YES
ID13276,56,F,INNER_CITY,44288.3,YES,0,NO,YES,YES,NO,YES
ID13277,27,F,TOWN,14014.5,YES,3,NO,YES,NO,NO,YES
ID13287,18,M,INNER_CITY,6294.2,NO,0,NO,YES,YES,YES,YES
ID13296,18,F,RURAL,16109.9,NO,2,YES,YES,YES,NO,YES
ID13298,25,F,TOWN,11043.7,YES,1,YES,YES,NO,YES,YES
ID13299,60,M,INNER_CITY,22110.1,NO,2,YES,YES,YES,NO,YES
ID13305,30,F,INNER_CITY,25830.5,YES,2,NO,NO,YES,NO,YES
ID13319,27,F,TOWN,22007.1,NO,3,NO,NO,YES,NO,YES
ID13100,44,M,RURAL,32762.5,NO,0,NO,YES,YES,YES,YES
ID13103,32,M,INNER_CITY,14627.9,YES,2,YES,YES,YES,NO,YES
ID13110,31,F,INNER_CITY,23171.8,NO,2,NO,YES,NO,NO,YES
ID13190,28,F,INNER_CITY,11920.7,NO,1,NO,YES,YES,NO,YES
ID13217,46,F,INNER_CITY,32583.5,YES,2,YES,YES,YES,NO,YES
ID13247,47,M,INNER_CITY,44682.1,YES,0,YES,YES,YES,NO,YES
ID13021,35,F,RURAL,11520.8,YES,0,NO,NO,YES,NO,YES
ID13035,23,M,TOWN,11736.9,NO,2,YES,YES,YES,YES,YES
ID13041,45,M,RURAL,42628.3,NO,0,YES,YES,YES,YES,YES
ID13162,22,F,INNER_CITY,15308.2,NO,0,YES,YES,YES,YES,YES
ID12966,48,M,TOWN,25683.4,NO,2,YES,YES,YES,NO,YES
ID12976,54,F,TOWN,18036.7,YES,0,YES,YES,NO,NO,YES
ID13061,27,M,SUBURBAN,12683.6,NO,3,NO,YES,YES,YES,YES
ID13062,18,F,SUBURBAN,12117.3,YES,1,NO,NO,YES,NO,YES
ID13065,44,M,INNER_CITY,16088.8,YES,3,NO,YES,YES,NO,YES
ID13067,27,F,INNER_CITY,11866.4,YES,0,YES,YES,YES,NO,YES
ID13071,40,M,RURAL,31864.8,YES,0,YES,YES,YES,NO,YES
ID13073,56,M,TOWN,29625.1,YES,2,NO,NO,YES,NO,YES
ID13085,48,M,INNER_CITY,38598.4,YES,0,YES,NO,YES,NO,YES
ID13086,63,M,TOWN,37414.7,NO,3,YES,YES,YES,NO,YES
ID13091,55,M,RURAL,43499.5,YES,1,YES,YES,YES,NO,YES
ID12868,58,F,SUBURBAN,46461.5,YES,0,NO,YES,YES,NO,YES
ID12875,38,F,SUBURBAN,31290.6,YES,0,NO,YES,YES,NO,YES
ID12881,21,F,TOWN,10672.0,NO,1,NO,YES,YES,YES,YES
ID12913,56,M,TOWN,19918.9,YES,3,NO,YES,YES,YES,YES
ID12716,56,M,INNER_CITY,47750.2,YES,0,YES,YES,YES,YES,YES
ID12737,65,F,INNER_CITY,61554.6,YES,0,NO,YES,YES,NO,YES
ID12805,60,F,INNER_CITY,22053.2,YES,2,YES,YES,NO,YES,YES
ID12814,57,F,RURAL,50897.6,YES,0,NO,YES,YES,NO,YES
ID12822,49,M,INNER_CITY,15689.1,NO,0,NO,NO,YES,NO,YES
ID12824,57,M,TOWN,21612.6,YES,0,NO,YES,YES,YES,YES
ID12834,20,M,TOWN,12644.9,YES,2,YES,NO,YES,YES,YES
ID12840,39,M,TOWN,22400.7,YES,2,YES,YES,YES,NO,YES
ID12853,43,M,TOWN,22234.7,YES,0,NO,NO,YES,YES,YES
ID12856,67,F,INNER_CITY,36095.9,YES,3,YES,YES,YES,NO,YES
ID12632,51,F,INNER_CITY,25372.8,YES,0,YES,YES,YES,NO,YES
ID12643,41,M,RURAL,25132.9,YES,0,NO,NO,YES,NO,YES
ID12658,22,M,INNER_CITY,7304.2,NO,0,YES,YES,YES,YES,YES
ID12663,43,M,TOWN,38540.0,NO,0,YES,YES,NO,YES,YES
ID12671,30,M,INNER_CITY,14606.6,YES,1,NO,NO,YES,NO,YES
ID12677,24,M,INNER_CITY,16352.2,NO,0,NO,YES,YES,YES,YES
ID12686,30,F,INNER_CITY,9672.2,YES,0,YES,YES,YES,NO,YES
ID12754,65,F,TOWN,29866.3,YES,3,NO,YES,NO,NO,YES
ID12763,52,F,INNER_CITY,34253.6,NO,3,YES,NO,YES,NO,YES
ID12766,35,F,TOWN,21623.8,YES,0,NO,YES,NO,YES,YES
ID12778,49,F,SUBURBAN,39358.3,YES,0,YES,NO,NO,YES,YES
ID12782,43,F,INNER_CITY,28469.9,YES,0,YES,YES,YES,NO,YES
ID12558,40,M,RURAL,25768.6,YES,0,YES,YES,NO,NO,YES
ID12595,56,F,RURAL,24607.8,NO,1,NO,YES,YES,YES,YES
ID12607,46,F,TOWN,21984.4,NO,3,NO,YES,NO,NO,YES
ID12631,64,M,INNER_CITY,48950.9,YES,0,YES,YES,YES,YES,YES
ID12699,58,M,RURAL,49673.6,YES,0,NO,YES,YES,NO,YES
ID12705,49,F,RURAL,33665.5,NO,3,YES,NO,YES,NO,YES
ID12406,62,F,INNER_CITY,41521.6,YES,0,NO,YES,YES,YES,YES
ID12414,58,M,SUBURBAN,32245.4,YES,3,NO,NO,NO,NO,YES
ID12511,63,M,INNER_CITY,37930.9,YES,0,NO,YES,NO,YES,YES
ID12525,20,F,TOWN,7723.9,YES,2,YES,YES,YES,NO,YES
ID12546,37,F,TOWN,15349.6,YES,0,NO,YES,NO,NO,YES
ID12548,48,M,SUBURBAN,17861.0,YES,2,NO,YES,YES,NO,YES
ID12427,52,F,TOWN,43719.5,YES,0,NO,YES,YES,NO,YES
ID12441,18,M,SUBURBAN,13700.2,NO,1,NO,YES,YES,NO,YES
ID12448,57,F,INNER_CITY,38248.3,NO,3,YES,NO,YES,YES,YES
ID12452,64,M,INNER_CITY,34073.8,YES,3,NO,YES,NO,YES,YES
ID12456,29,M,INNER_CITY,14711.8,YES,0,NO,YES,NO,YES,YES
ID12458,29,M,SUBURBAN,12623.4,YES,1,YES,YES,YES,NO,YES
ID12465,32,F,TOWN,26325.3,YES,0,YES,NO,NO,NO,YES
ID12466,59,F,RURAL,51284.3,NO,0,YES,YES,YES,YES,YES
ID12469,47,F,RURAL,29093.1,NO,2,YES,YES,YES,NO,YES
ID13794,49,F,SUBURBAN,33218.3,YES,0,YES,NO,YES,YES,NO
ID13795,53,F,INNER_CITY,41635.6,NO,1,NO,YES,YES,NO,NO
ID13796,66,M,RURAL,53180.7,YES,1,YES,YES,NO,NO,NO
ID13797,26,F,INNER_CITY,18170.4,YES,0,YES,NO,YES,NO,NO
ID13798,22,F,SUBURBAN,12754.9,NO,0,YES,YES,YES,NO,NO
ID13800,41,F,TOWN,30533.3,NO,0,NO,YES,YES,NO,NO
ID13803,32,M,TOWN,26430.3,NO,0,NO,YES,YES,NO,NO
ID13804,48,M,TOWN,47362.7,NO,1,YES,YES,YES,NO,NO
ID13806,48,F,INNER_CITY,24003.5,YES,1,YES,YES,NO,YES,NO
ID13868,64,M,INNER_CITY,46587.9,NO,0,NO,YES,YES,NO,NO
ID13869,49,M,INNER_CITY,17944.2,NO,1,YES,YES,YES,YES,NO
ID13870,67,F,INNER_CITY,58092.0,NO,2,YES,YES,YES,NO,NO
ID13872,63,M,SUBURBAN,51879.3,YES,2,YES,YES,NO,YES,NO
ID13874,38,F,RURAL,34061.4,NO,0,YES,YES,YES,NO,NO
ID13875,61,M,INNER_CITY,30157.7,NO,1,YES,NO,NO,NO,NO
ID13876,62,M,TOWN,45342.5,YES,0,YES,YES,NO,NO,NO
ID13877,61,M,INNER_CITY,30157.7,NO,1,YES,NO,NO,NO,NO
ID13878,64,F,TOWN,58367.3,YES,1,YES,YES,YES,NO,NO
ID13879,64,M,INNER_CITY,46587.9,NO,0,NO,YES,YES,NO,NO
ID13880,27,M,INNER_CITY,20409.3,YES,2,NO,YES,NO,NO,NO
ID13881,19,M,INNER_CITY,10191.8,YES,0,NO,YES,YES,YES,NO
ID13882,54,F,RURAL,50186.1,YES,2,NO,YES,YES,YES,NO
ID13883,34,F,RURAL,19481.3,NO,0,NO,NO,YES,YES,NO
ID13885,34,F,RURAL,19481.3,NO,0,NO,NO,YES,YES,NO
ID13886,34,F,INNER_CITY,17308.7,YES,1,NO,NO,YES,YES,NO
ID13887,35,M,RURAL,22882.9,YES,0,YES,NO,NO,YES,NO
ID13889,35,M,INNER_CITY,20754.3,NO,0,NO,NO,NO,YES,NO
ID13892,61,F,TOWN,30760.4,NO,2,YES,NO,YES,NO,NO
ID13894,35,F,TOWN,30799.5,YES,2,NO,NO,YES,NO,NO
ID13895,65,F,TOWN,42378.2,YES,1,NO,YES,YES,NO,NO
ID13896,53,F,INNER_CITY,32184.4,YES,2,YES,NO,NO,NO,NO
ID13897,58,F,SUBURBAN,25468.5,NO,0,YES,NO,NO,YES,NO
ID13899,27,F,INNER_CITY,18158.5,NO,1,YES,NO,YES,YES,NO
ID13900,67,F,RURAL,57398.1,NO,3,NO,YES,YES,NO,NO
ID13901,63,F,INNER_CITY,59805.6,YES,1,YES,YES,YES,NO,NO
ID13902,59,F,INNER_CITY,23175.0,YES,0,NO,NO,NO,YES,NO
ID13903,19,M,SUBURBAN,17986.8,YES,0,NO,NO,YES,YES,NO
ID13904,28,F,TOWN,25699.4,YES,2,YES,YES,NO,NO,NO
ID13905,41,F,TOWN,27757.6,NO,0,NO,YES,YES,NO,NO
ID13906,53,F,INNER_CITY,24042.0,NO,1,NO,NO,YES,NO,NO
ID13908,58,F,SUBURBAN,25468.5,NO,0,NO,NO,NO,YES,NO
ID13913,46,F,TOWN,17149.2,NO,1,YES,YES,YES,NO,NO
ID13914,41,F,SUBURBAN,21984.0,YES,1,YES,NO,NO,NO,NO
ID13915,34,F,INNER_CITY,17308.7,YES,1,YES,NO,YES,YES,NO
ID13916,67,F,RURAL,57398.1,NO,3,NO,YES,YES,NO,NO
ID13917,47,M,INNER_CITY,44658.6,NO,2,YES,YES,YES,NO,NO
ID13919,33,M,TOWN,23528.4,YES,1,NO,YES,YES,YES,NO
ID13920,52,F,INNER_CITY,22792.3,YES,1,YES,YES,NO,NO,NO
ID13921,34,F,SUBURBAN,12810.2,NO,3,NO,YES,YES,NO,NO
ID13924,49,M,INNER_CITY,17944.2,NO,1,YES,YES,YES,YES,NO
ID13925,36,F,INNER_CITY,27642.9,NO,1,YES,NO,NO,NO,NO
ID13927,35,M,INNER_CITY,16479.5,YES,0,YES,NO,NO,YES,NO
ID13928,35,M,INNER_CITY,20754.3,NO,0,NO,NO,NO,YES,NO
ID13930,53,F,INNER_CITY,32184.4,YES,2,YES,NO,NO,NO,NO
ID13932,32,F,INNER_CITY,22446.5,NO,1,NO,NO,YES,YES,NO
ID13933,24,F,INNER_CITY,7756.3,NO,0,NO,NO,NO,NO,NO
ID13934,23,F,RURAL,11215.3,YES,2,YES,YES,YES,NO,NO
ID13935,43,F,INNER_CITY,19326.9,YES,1,NO,NO,YES,NO,NO
ID13936,48,M,INNER_CITY,34182.2,YES,2,NO,YES,YES,NO,NO
ID13937,46,M,RURAL,21096.2,YES,1,YES,YES,YES,NO,NO
ID13938,44,M,INNER_CITY,38459.9,YES,0,NO,NO,NO,YES,NO
ID13939,63,M,SUBURBAN,51879.3,YES,2,YES,YES,NO,YES,NO
ID13941,47,M,INNER_CITY,44658.6,NO,2,YES,YES,YES,NO,NO
ID13944,26,F,INNER_CITY,16518.6,YES,0,YES,NO,YES,NO,NO
ID13945,44,M,TOWN,26688.1,YES,1,NO,YES,NO,YES,NO
ID13949,53,F,INNER_CITY,32184.4,YES,2,YES,NO,NO,NO,NO
ID13950,44,M,SUBURBAN,23092.1,YES,0,YES,NO,YES,YES,NO
ID13951,42,F,RURAL,28138.5,YES,0,NO,NO,YES,YES,NO
ID13713,23,F,SUBURBAN,23146.2,YES,1,NO,NO,YES,NO,NO
ID13714,56,F,TOWN,56429.2,YES,1,YES,YES,NO,NO,NO
ID13715,48,M,TOWN,47362.7,NO,1,YES,YES,YES,NO,NO
ID13718,46,M,RURAL,23205.8,YES,1,YES,YES,YES,NO,NO
ID13719,43,M,RURAL,28717.3,NO,1,NO,NO,YES,NO,NO
ID13720,40,M,INNER_CITY,18038.6,NO,1,NO,YES,YES,NO,NO
ID13721,62,M,TOWN,49876.7,YES,0,YES,YES,NO,NO,NO
ID13722,43,M,RURAL,28717.3,NO,1,NO,NO,YES,NO,NO
ID13723,42,M,RURAL,22809.8,YES,1,YES,YES,YES,NO,NO
ID13724,53,F,INNER_CITY,26446.2,NO,1,NO,NO,YES,NO,NO
ID13729,60,M,INNER_CITY,32685.8,YES,0,YES,NO,YES,YES,NO
ID13732,23,F,RURAL,12336.8,YES,2,YES,YES,YES,NO,NO
ID13733,44,M,SUBURBAN,25401.3,YES,0,YES,NO,YES,YES,NO
ID13734,33,M,TOWN,25881.2,YES,1,NO,YES,YES,YES,NO
ID13735,44,F,INNER_CITY,42299.0,NO,2,NO,YES,YES,NO,NO
ID13736,31,F,TOWN,17573.9,YES,0,YES,YES,NO,NO,NO
ID13737,36,F,INNER_CITY,30407.1,NO,1,YES,NO,NO,NO,NO
ID13738,64,M,SUBURBAN,65092.6,YES,1,NO,YES,YES,NO,NO
ID13739,47,M,INNER_CITY,49124.4,NO,2,YES,YES,YES,NO,NO
ID13740,31,M,SUBURBAN,24598.5,NO,0,NO,YES,YES,NO,NO
ID13741,33,F,INNER_CITY,34327.8,NO,0,YES,NO,YES,YES,NO
ID13742,31,F,TOWN,24945.9,NO,1,YES,YES,YES,YES,NO
ID13743,63,M,SUBURBAN,57067.2,YES,2,YES,YES,NO,YES,NO
ID13748,46,M,RURAL,23205.8,YES,1,YES,YES,YES,NO,NO
ID13749,40,F,INNER_CITY,34621.2,NO,2,NO,YES,YES,YES,NO
ID13751,23,F,SUBURBAN,23146.2,YES,1,NO,NO,YES,NO,NO
ID13807,28,M,TOWN,22610.5,NO,0,NO,YES,YES,NO,NO
ID13809,54,F,RURAL,55204.7,YES,2,NO,YES,YES,YES,NO
ID13810,63,F,INNER_CITY,65736.5,YES,1,YES,YES,YES,NO,NO
ID13811,39,M,RURAL,41127.9,YES,2,NO,YES,YES,NO,NO
ID13812,35,M,RURAL,25171.1,YES,0,YES,NO,NO,YES,NO
ID13815,31,F,TOWN,17573.9,YES,0,YES,YES,NO,NO,NO
ID13816,27,F,INNER_CITY,19974.3,NO,1,YES,NO,YES,YES,NO
ID13817,48,M,TOWN,47362.7,NO,1,YES,YES,YES,NO,NO
ID13818,63,M,SUBURBAN,57067.2,YES,2,YES,YES,NO,YES,NO
ID13819,29,M,INNER_CITY,16106.4,NO,0,YES,NO,YES,NO,NO
ID13821,49,F,SUBURBAN,33218.3,YES,0,YES,NO,YES,YES,NO
ID13823,28,M,TOWN,22610.5,NO,0,YES,YES,YES,NO,NO
ID13824,44,M,SUBURBAN,20578.0,YES,0,YES,YES,YES,YES,NO
ID13825,28,F,INNER_CITY,21184.7,YES,1,NO,YES,YES,NO,NO
ID13826,31,F,TOWN,15976.3,YES,0,YES,YES,NO,NO,NO
ID13827,54,F,RURAL,50186.1,YES,2,NO,YES,YES,YES,NO
ID13828,40,M,INNER_CITY,16398.8,NO,1,NO,YES,YES,NO,NO
ID13829,39,M,INNER_CITY,34852.3,YES,1,NO,YES,NO,YES,NO
ID13830,27,F,INNER_CITY,18158.5,NO,1,YES,NO,YES,YES,NO
ID13833,23,F,INNER_CITY,18050.0,YES,0,YES,NO,YES,YES,NO
ID13834,35,M,RURAL,22882.9,YES,0,YES,NO,NO,YES,NO
ID13836,46,M,RURAL,21096.2,YES,1,YES,YES,YES,NO,NO
ID13837,27,F,INNER_CITY,18158.5,NO,1,YES,NO,YES,YES,NO
ID13838,35,F,TOWN,30799.5,YES,2,NO,NO,YES,NO,NO
ID13840,53,F,INNER_CITY,24042.0,NO,1,NO,NO,YES,NO,NO
ID13843,39,M,RURAL,37389.0,YES,2,NO,YES,YES,NO,NO
ID13844,43,M,RURAL,26106.7,NO,1,NO,NO,YES,NO,NO
ID13845,44,M,SUBURBAN,18707.3,YES,0,YES,YES,YES,YES,NO
ID13846,28,M,TOWN,20555.0,NO,0,NO,YES,YES,NO,NO
ID13847,58,F,SUBURBAN,25468.5,NO,0,YES,NO,NO,YES,NO
ID13848,47,M,SUBURBAN,36599.0,YES,3,YES,YES,YES,NO,NO
ID13850,67,F,SUBURBAN,47198.6,YES,2,NO,YES,YES,NO,NO
ID13852,67,F,SUBURBAN,24858.4,YES,0,NO,NO,YES,YES,NO
ID13855,32,F,INNER_CITY,22446.5,NO,1,NO,NO,YES,YES,NO
ID13856,48,F,INNER_CITY,16662.5,YES,1,NO,YES,YES,NO,NO
ID13857,61,M,INNER_CITY,30157.7,NO,1,YES,NO,NO,NO,NO
ID13861,43,M,SUBURBAN,15109.4,YES,0,NO,NO,YES,NO,NO
ID13862,28,F,TOWN,25699.4,YES,2,YES,YES,NO,NO,NO
ID13863,35,M,RURAL,22882.9,YES,0,YES,NO,NO,YES,NO
ID13864,64,M,INNER_CITY,46587.9,NO,0,NO,YES,YES,NO,NO
ID13865,49,M,INNER_CITY,41438.0,NO,1,NO,YES,NO,NO,NO
ID13866,61,F,RURAL,57176.4,NO,2,NO,YES,YES,NO,NO
ID13867,43,F,RURAL,18565.8,YES,1,YES,YES,YES,YES,NO
ID13637,63,M,SUBURBAN,48770.5,YES,1,YES,YES,NO,YES,NO
ID13638,60,M,SUBURBAN,37554.1,YES,2,YES,YES,YES,YES,NO
ID13640,33,M,TOWN,23528.4,YES,1,NO,YES,YES,YES,NO
ID13643,67,F,INNER_CITY,58092.0,NO,2,YES,YES,YES,NO,NO
ID13644,44,M,TOWN,26688.1,YES,1,NO,YES,NO,YES,NO
ID13646,43,F,RURAL,18565.8,YES,1,YES,YES,YES,YES,NO
ID13650,66,F,RURAL,52769.9,YES,3,YES,YES,YES,NO,NO
ID13651,44,M,SUBURBAN,23092.1,YES,0,YES,NO,YES,YES,NO
ID13654,59,F,INNER_CITY,29866.9,NO,1,YES,NO,YES,NO,NO
ID13656,50,M,TOWN,40972.9,NO,2,YES,YES,YES,YES,NO
ID13658,54,F,RURAL,50186.1,YES,2,NO,YES,YES,YES,NO
ID13660,31,M,SUBURBAN,22362.3,NO,0,NO,YES,YES,NO,NO
ID13661,27,F,INNER_CITY,15281.8,NO,0,YES,NO,NO,YES,NO
ID13662,28,F,TOWN,25699.4,YES,2,YES,YES,NO,NO,NO
ID13663,58,F,TOWN,52662.5,YES,1,YES,YES,YES,YES,NO
ID13665,38,F,INNER_CITY,12163.9,YES,2,YES,NO,YES,NO,NO
ID13666,40,M,INNER_CITY,29414.6,YES,1,NO,YES,NO,YES,NO
ID13667,31,F,TOWN,22678.1,NO,1,YES,YES,YES,YES,NO
ID13668,58,F,TOWN,52662.5,YES,1,YES,YES,YES,YES,NO
ID13669,27,M,INNER_CITY,17364.8,YES,2,YES,YES,NO,NO,NO
ID13670,24,M,INNER_CITY,21268.4,YES,0,NO,NO,YES,YES,NO
ID13671,39,M,INNER_CITY,34852.3,YES,1,NO,YES,NO,YES,NO
ID13673,56,F,TOWN,51299.3,YES,1,YES,YES,NO,NO,NO
ID13674,66,M,INNER_CITY,36646.4,NO,1,NO,YES,YES,NO,NO
ID13675,65,M,SUBURBAN,51417.0,YES,2,NO,YES,YES,NO,NO
ID13676,44,M,INNER_CITY,38459.9,YES,0,NO,NO,NO,YES,NO
ID13677,38,M,TOWN,26671.6,NO,0,YES,NO,YES,YES,NO
ID13678,67,F,SUBURBAN,47198.6,YES,2,NO,YES,YES,NO,NO
ID13680,62,M,TOWN,45342.5,YES,0,YES,YES,NO,NO,NO
ID13682,38,F,RURAL,34061.4,NO,0,YES,YES,YES,NO,NO
ID13684,31,F,TOWN,22678.1,NO,1,YES,YES,YES,YES,NO
ID13685,61,M,INNER_CITY,30157.7,NO,1,YES,NO,NO,NO,NO
ID13686,44,M,SUBURBAN,18707.3,YES,0,YES,YES,YES,YES,NO
ID13688,64,F,INNER_CITY,31415.7,NO,1,YES,YES,NO,YES,NO
ID13689,19,M,RURAL,9592.7,NO,0,NO,YES,YES,NO,NO
ID13690,20,M,INNER_CITY,18184.6,YES,0,NO,NO,YES,YES,NO
ID13691,61,F,RURAL,57176.4,NO,2,NO,YES,YES,NO,NO
ID13692,48,M,INNER_CITY,34182.2,YES,2,NO,YES,YES,NO,NO
ID13693,27,M,INNER_CITY,20409.3,YES,2,NO,YES,NO,NO,NO
ID13694,57,F,RURAL,50849.2,NO,1,NO,YES,NO,YES,NO
ID13753,43,F,TOWN,34401.1,NO,1,YES,YES,NO,NO,NO
ID13755,65,M,SUBURBAN,56558.7,YES,2,NO,YES,YES,NO,NO
ID13756,28,M,TOWN,22610.5,NO,0,YES,YES,YES,NO,NO
ID13758,66,F,RURAL,58046.8,YES,3,YES,YES,YES,NO,NO
ID13759,46,F,TOWN,18864.1,NO,1,YES,YES,YES,NO,NO
ID13760,48,M,INNER_CITY,37600.4,YES,2,NO,YES,YES,NO,NO
ID13761,28,F,TOWN,28269.3,YES,2,YES,YES,NO,NO,NO
ID13763,58,F,TOWN,57928.7,YES,1,YES,YES,YES,YES,NO
ID13764,27,M,INNER_CITY,22450.2,YES,2,NO,YES,NO,NO,NO
ID13766,38,F,INNER_CITY,13380.2,YES,2,YES,NO,YES,NO,NO
ID13769,44,M,TOWN,29356.9,YES,1,NO,YES,NO,YES,NO
ID13774,35,M,INNER_CITY,18127.4,YES,0,YES,NO,NO,YES,NO
ID13775,42,F,RURAL,30952.3,YES,0,NO,NO,YES,YES,NO
ID13776,31,M,SUBURBAN,24598.5,NO,0,NO,YES,YES,NO,NO
ID13777,34,F,SUBURBAN,14091.2,NO,3,NO,YES,YES,NO,NO
ID13779,43,M,SUBURBAN,16620.3,YES,0,NO,NO,YES,NO,NO
ID13781,38,M,RURAL,28909.5,NO,0,YES,YES,YES,NO,NO
ID13782,42,F,RURAL,30952.3,YES,0,NO,NO,YES,YES,NO
ID13783,25,F,SUBURBAN,25616.6,NO,0,NO,NO,YES,YES,NO
ID13784,19,M,INNER_CITY,11210.9,YES,0,NO,YES,YES,YES,NO
ID13786,46,F,TOWN,20803.4,YES,0,YES,NO,YES,NO,NO
ID13788,46,M,RURAL,23205.8,YES,1,YES,YES,YES,NO,NO
ID13790,34,F,INNER_CITY,19039.5,YES,1,YES,NO,YES,YES,NO
ID13482,38,F,INNER_CITY,12163.9,YES,2,YES,NO,YES,NO,NO
ID13483,35,M,RURAL,22882.9,YES,0,YES,NO,NO,YES,NO
ID13484,58,F,TOWN,33204.3,NO,1,NO,NO,NO,YES,NO
ID13485,51,M,TOWN,33615.4,YES,1,NO,YES,NO,YES,NO
ID13488,61,M,INNER_CITY,30157.7,NO,1,YES,NO,NO,NO,NO
ID13559,27,M,INNER_CITY,20409.3,YES,2,NO,YES,NO,NO,NO
ID13560,28,F,INNER_CITY,21184.7,YES,1,YES,YES,YES,NO,NO
ID13562,44,M,INNER_CITY,38459.9,YES,0,NO,NO,NO,YES,NO
ID13563,63,M,SUBURBAN,48770.5,YES,1,YES,YES,NO,YES,NO
ID13564,53,M,INNER_CITY,38103.4,NO,2,YES,YES,YES,NO,NO
ID13565,44,M,INNER_CITY,38459.9,YES,0,NO,NO,NO,YES,NO
ID13566,66,M,RURAL,48346.1,YES,1,YES,YES,NO,NO,NO
ID13567,19,M,RURAL,9592.7,NO,0,NO,YES,YES,NO,NO
ID13568,40,M,TOWN,22197.1,NO,0,YES,NO,YES,NO,NO
ID13569,22,F,SUBURBAN,11595.4,NO,0,YES,YES,YES,NO,NO
ID13570,46,F,TOWN,18912.2,YES,0,YES,NO,YES,NO,NO
ID13571,67,F,SUBURBAN,24858.4,YES,0,NO,NO,YES,YES,NO
ID13574,31,M,SUBURBAN,22362.3,NO,0,NO,YES,YES,NO,NO
ID13575,61,F,TOWN,30760.4,NO,2,YES,NO,YES,NO,NO
ID13576,41,F,SUBURBAN,21984.0,YES,1,YES,NO,NO,NO,NO
ID13578,50,M,TOWN,40972.9,NO,2,YES,YES,YES,YES,NO
ID13579,46,F,TOWN,18912.2,YES,0,YES,NO,YES,NO,NO
ID13581,57,F,RURAL,50849.2,NO,1,NO,YES,NO,YES,NO
ID13582,43,F,RURAL,18565.8,YES,1,YES,YES,YES,YES,NO
ID13584,63,F,INNER_CITY,59805.6,YES,1,YES,YES,YES,NO,NO
ID13585,58,F,INNER_CITY,31671.3,YES,1,YES,YES,NO,YES,NO
ID13586,33,F,SUBURBAN,27712.9,NO,2,NO,YES,YES,NO,NO
ID13588,44,M,TOWN,26688.1,YES,1,NO,YES,NO,YES,NO
ID13589,67,F,SUBURBAN,47198.6,YES,2,NO,YES,YES,NO,NO
ID13590,64,F,INNER_CITY,31415.7,NO,1,YES,YES,NO,YES,NO
ID13591,40,F,INNER_CITY,31473.9,NO,2,NO,YES,YES,YES,NO
ID13595,27,F,INNER_CITY,15281.8,NO,0,YES,NO,NO,YES,NO
ID13596,49,M,INNER_CITY,41438.0,NO,1,NO,YES,NO,NO,NO
ID13597,37,M,INNER_CITY,33886.4,NO,0,YES,YES,NO,NO,NO
ID13598,34,F,SUBURBAN,12810.2,NO,3,NO,YES,YES,NO,NO
ID13599,48,M,INNER_CITY,34182.2,YES,2,NO,YES,YES,NO,NO
ID13600,49,M,INNER_CITY,41438.0,NO,1,NO,YES,NO,NO,NO
ID13601,24,F,TOWN,9465.2,NO,0,NO,NO,YES,NO,NO
ID13605,21,F,RURAL,15797.1,YES,0,NO,YES,YES,NO,NO
ID13607,32,F,INNER_CITY,22446.5,NO,1,NO,NO,YES,YES,NO
ID13608,24,F,TOWN,9465.2,NO,0,NO,NO,YES,NO,NO
ID13609,67,F,RURAL,57398.1,NO,3,NO,YES,YES,NO,NO
ID13610,39,M,RURAL,37389.0,YES,2,NO,YES,YES,NO,NO
ID13612,61,F,RURAL,57176.4,NO,2,NO,YES,YES,NO,NO
ID13613,20,M,TOWN,17239.5,NO,1,YES,NO,YES,NO,NO
ID13614,64,F,TOWN,51620.8,NO,2,YES,YES,YES,NO,NO
ID13618,34,F,RURAL,19481.3,NO,0,NO,NO,YES,YES,NO
ID13619,28,F,INNER_CITY,21184.7,YES,1,YES,YES,YES,NO,NO
ID13620,37,M,INNER_CITY,33886.4,NO,0,YES,YES,NO,NO,NO
ID13621,53,M,RURAL,48971.6,YES,3,YES,YES,NO,NO,NO
ID13622,64,F,INNER_CITY,57444.5,NO,1,NO,YES,YES,NO,NO
ID13623,23,F,INNER_CITY,18050.0,YES,0,YES,NO,YES,YES,NO
ID13624,59,F,INNER_CITY,27045.1,NO,0,NO,NO,YES,NO,NO
ID13625,35,M,INNER_CITY,16479.5,YES,0,YES,NO,NO,YES,NO
ID13629,19,M,INNER_CITY,10191.8,YES,0,NO,YES,YES,YES,NO
ID13631,58,F,TOWN,52662.5,YES,1,YES,YES,YES,YES,NO
ID13632,64,F,INNER_CITY,31415.7,NO,1,YES,YES,NO,YES,NO
ID13633,40,M,INNER_CITY,16398.8,NO,1,NO,YES,YES,NO,NO
ID13634,54,F,RURAL,50186.1,YES,2,NO,YES,YES,YES,NO
ID13697,50,M,TOWN,40972.9,NO,2,YES,YES,YES,YES,NO
ID13698,64,F,INNER_CITY,31415.7,NO,1,YES,YES,NO,YES,NO
ID13699,61,M,INNER_CITY,30157.7,NO,1,YES,NO,NO,NO,NO
ID13700,40,F,TOWN,34836.8,YES,1,YES,YES,YES,NO,NO
ID13701,44,M,INNER_CITY,38459.9,YES,0,NO,NO,NO,YES,NO
ID13702,63,F,INNER_CITY,59805.6,YES,1,YES,YES,YES,NO,NO
ID13703,24,F,TOWN,19160.3,YES,1,YES,YES,YES,NO,NO
ID13704,52,M,SUBURBAN,45856.1,NO,1,NO,YES,YES,NO,NO
ID13705,58,F,TOWN,36524.7,NO,1,NO,NO,NO,YES,NO
ID13708,46,F,TOWN,18864.1,NO,1,YES,YES,YES,NO,NO
ID13711,20,M,TOWN,18963.4,NO,1,YES,NO,YES,NO,NO
ID13712,31,M,RURAL,25133.3,YES,1,YES,NO,NO,NO,NO
ID13404,43,F,TOWN,31273.8,NO,1,YES,YES,NO,NO,NO
ID13405,29,M,INNER_CITY,14642.2,NO,0,YES,NO,YES,NO,NO
ID13407,56,F,TOWN,26542.8,NO,0,YES,YES,YES,NO,NO
ID13408,59,F,INNER_CITY,27045.1,NO,0,NO,NO,YES,NO,NO
ID13410,24,F,TOWN,19160.3,YES,1,YES,YES,YES,NO,NO
ID13411,67,F,SUBURBAN,24858.4,YES,0,NO,NO,YES,YES,NO
ID13412,61,F,TOWN,27756.3,YES,0,YES,YES,NO,YES,NO
ID13414,56,F,TOWN,51299.3,YES,1,YES,YES,NO,NO,NO
ID13415,43,F,TOWN,31273.8,NO,1,YES,YES,NO,NO,NO
ID13416,56,F,TOWN,51299.3,YES,1,YES,YES,NO,NO,NO
ID13418,31,M,RURAL,22848.5,YES,1,YES,NO,NO,NO,NO
ID13419,63,M,INNER_CITY,52117.3,NO,2,YES,YES,YES,NO,NO
ID13420,60,M,SUBURBAN,50409.9,NO,2,NO,YES,YES,YES,NO
ID13421,61,F,TOWN,27756.3,YES,0,YES,YES,NO,YES,NO
ID13422,53,F,INNER_CITY,37850.6,NO,1,NO,YES,YES,NO,NO
ID13424,46,F,TOWN,18912.2,YES,0,YES,NO,YES,NO,NO
ID13425,33,F,SUBURBAN,27712.9,NO,2,NO,YES,YES,NO,NO
ID13426,35,F,TOWN,20262.6,NO,0,NO,YES,NO,NO,NO
ID13428,25,F,SUBURBAN,23287.9,NO,0,NO,NO,YES,YES,NO
ID13429,21,F,RURAL,15797.1,YES,0,NO,YES,YES,NO,NO
ID13430,28,F,INNER_CITY,21184.7,YES,1,YES,YES,YES,NO,NO
ID13431,59,M,INNER_CITY,30067.5,NO,1,NO,YES,YES,NO,NO
ID13432,19,M,RURAL,16625.9,YES,1,NO,NO,YES,NO,NO
ID13433,39,M,INNER_CITY,34852.3,YES,1,NO,YES,NO,YES,NO
ID13491,28,F,INNER_CITY,21184.7,YES,1,YES,YES,YES,NO,NO
ID13493,62,M,TOWN,45342.5,YES,0,YES,YES,NO,NO,NO
ID13494,20,M,INNER_CITY,18184.6,YES,0,NO,NO,YES,YES,NO
ID13496,31,F,TOWN,15976.3,YES,0,YES,YES,NO,NO,NO
ID13497,44,M,SUBURBAN,23092.1,YES,0,YES,NO,YES,YES,NO
ID13498,40,F,TOWN,34836.8,YES,1,YES,YES,YES,NO,NO
ID13500,39,M,INNER_CITY,34852.3,YES,1,NO,YES,NO,YES,NO
ID13502,20,M,INNER_CITY,18184.6,YES,0,NO,NO,YES,YES,NO
ID13504,51,M,TOWN,33615.4,YES,1,NO,YES,NO,YES,NO
ID13505,53,M,INNER_CITY,38103.4,NO,2,YES,YES,YES,NO,NO
ID13508,22,F,SUBURBAN,11595.4,NO,0,YES,YES,YES,NO,NO
ID13510,43,F,INNER_CITY,19326.9,YES,1,NO,NO,YES,NO,NO
ID13511,33,F,INNER_CITY,31207.1,NO,0,YES,NO,YES,YES,NO
ID13512,24,F,TOWN,9465.2,NO,0,NO,NO,YES,NO,NO
ID13513,61,F,TOWN,30760.4,NO,2,YES,NO,YES,NO,NO
ID13514,19,M,SUBURBAN,17986.8,YES,0,NO,NO,YES,YES,NO
ID13515,43,M,SUBURBAN,15109.4,YES,0,NO,NO,YES,NO,NO
ID13517,62,M,TOWN,45342.5,YES,0,YES,YES,NO,NO,NO
ID13518,45,F,TOWN,37689.1,NO,1,NO,YES,YES,YES,NO
ID13520,40,M,INNER_CITY,36256.9,NO,0,NO,NO,YES,YES,NO
ID13521,66,M,INNER_CITY,36646.4,NO,1,NO,YES,YES,NO,NO
ID13523,20,M,INNER_CITY,18364.9,YES,1,NO,NO,YES,NO,NO
ID13527,41,F,TOWN,27757.6,NO,0,NO,YES,YES,NO,NO
ID13528,40,M,INNER_CITY,36256.9,NO,0,NO,NO,YES,YES,NO
ID13529,49,M,INNER_CITY,17944.2,NO,1,YES,YES,YES,YES,NO
ID13530,58,F,TOWN,33204.3,NO,1,NO,NO,NO,YES,NO
ID13531,60,M,INNER_CITY,29714.4,YES,0,YES,NO,YES,YES,NO
ID13532,66,M,TOWN,46963.9,YES,1,NO,YES,YES,NO,NO
ID13533,46,F,TOWN,17149.2,NO,1,YES,YES,YES,NO,NO
ID13534,35,M,RURAL,22882.9,YES,0,YES,NO,NO,YES,NO
ID13535,28,F,TOWN,25699.4,YES,2,YES,YES,NO,NO,NO
ID13536,24,F,INNER_CITY,13864.6,YES,3,NO,YES,YES,NO,NO
ID13537,38,F,RURAL,34061.4,NO,0,YES,YES,YES,NO,NO
ID13538,48,F,INNER_CITY,21821.4,YES,1,YES,YES,NO,YES,NO
ID13540,23,F,INNER_CITY,18050.0,YES,0,YES,NO,YES,YES,NO
ID13541,25,F,SUBURBAN,23287.9,NO,0,NO,NO,YES,YES,NO
ID13542,43,M,RURAL,26106.7,NO,1,NO,NO,YES,NO,NO
ID13543,61,F,TOWN,30760.4,NO,2,YES,NO,YES,NO,NO
ID13545,19,M,INNER_CITY,10191.8,YES,0,NO,YES,YES,YES,NO
ID13546,67,F,INNER_CITY,58092.0,NO,2,YES,YES,YES,NO,NO
ID13547,40,F,INNER_CITY,31473.9,NO,2,NO,YES,YES,YES,NO
ID13548,60,M,INNER_CITY,29714.4,YES,0,YES,NO,YES,YES,NO
ID13549,28,F,TOWN,25699.4,YES,2,YES,YES,NO,NO,NO
ID13550,29,M,INNER_CITY,14642.2,NO,0,YES,NO,YES,NO,NO
ID13551,51,M,TOWN,33615.4,YES,1,NO,YES,NO,YES,NO
ID13552,28,F,INNER_CITY,21184.7,YES,1,YES,YES,YES,NO,NO
ID13553,48,F,INNER_CITY,21821.4,YES,1,YES,YES,NO,YES,NO
ID13554,31,M,RURAL,22848.5,YES,1,YES,NO,NO,NO,NO
ID13555,48,M,TOWN,43057.0,NO,1,YES,YES,YES,NO,NO
ID13558,33,M,TOWN,23528.4,YES,1,NO,YES,YES,YES,NO
ID13328,58,F,INNER_CITY,33007.3,NO,1,YES,NO,YES,NO,NO
ID13330,58,F,TOWN,33204.3,NO,1,NO,NO,NO,YES,NO
ID13331,40,M,INNER_CITY,36256.9,NO,0,NO,NO,YES,YES,NO
ID13332,39,M,RURAL,37389.0,YES,2,NO,YES,YES,NO,NO
ID13333,24,F,INNER_CITY,13864.6,YES,3,NO,YES,YES,NO,NO
ID13334,24,F,INNER_CITY,13864.6,YES,3,NO,YES,YES,NO,NO
ID13336,59,F,INNER_CITY,23175.0,YES,0,NO,NO,NO,YES,NO
ID13337,36,F,INNER_CITY,27642.9,NO,1,YES,NO,NO,NO,NO
ID13338,19,M,RURAL,16625.9,YES,1,NO,NO,YES,NO,NO
ID13339,21,F,RURAL,15797.1,YES,0,NO,YES,YES,NO,NO
ID13340,58,F,INNER_CITY,31671.3,YES,1,YES,YES,NO,YES,NO
ID13341,65,F,TOWN,42378.2,YES,1,NO,YES,YES,NO,NO
ID13342,41,M,INNER_CITY,23475.6,YES,0,YES,NO,YES,YES,NO
ID13344,64,F,TOWN,58367.3,YES,1,YES,YES,YES,NO,NO
ID13345,47,M,SUBURBAN,36599.0,YES,3,YES,YES,YES,NO,NO
ID13346,23,F,INNER_CITY,18050.0,YES,0,YES,NO,YES,YES,NO
ID13348,38,M,TOWN,26671.6,NO,0,YES,NO,YES,YES,NO
ID13352,56,F,TOWN,51299.3,YES,1,YES,YES,NO,NO,NO
ID13354,24,F,INNER_CITY,7756.3,NO,0,NO,NO,NO,NO,NO
ID13356,45,F,TOWN,37689.1,NO,1,NO,YES,YES,YES,NO
ID13357,38,M,TOWN,33302.8,NO,0,YES,NO,YES,YES,NO
ID13358,57,F,RURAL,50849.2,NO,1,NO,YES,NO,YES,NO
ID13359,61,F,TOWN,27756.3,YES,0,YES,YES,NO,YES,NO
ID13360,41,M,INNER_CITY,23475.6,YES,0,YES,NO,YES,YES,NO
ID13361,64,F,INNER_CITY,31415.7,NO,1,YES,YES,NO,YES,NO
ID13364,40,F,TOWN,34836.8,YES,1,YES,YES,YES,NO,NO
ID13365,60,M,SUBURBAN,50409.9,NO,2,NO,YES,YES,YES,NO
ID13366,51,M,TOWN,33615.4,YES,1,NO,YES,NO,YES,NO
ID13367,23,F,INNER_CITY,18050.0,YES,0,YES,NO,YES,YES,NO
ID13369,40,F,TOWN,34836.8,YES,1,YES,YES,YES,NO,NO
ID13370,59,F,INNER_CITY,29866.9,NO,1,YES,NO,YES,NO,NO
ID13371,19,M,RURAL,16625.9,YES,1,NO,NO,YES,NO,NO
ID13378,57,F,RURAL,50849.2,NO,1,NO,YES,NO,YES,NO
ID13434,57,F,RURAL,50849.2,NO,1,NO,YES,NO,YES,NO
ID13436,64,F,TOWN,58367.3,YES,1,YES,YES,YES,NO,NO
ID13439,44,M,SUBURBAN,23092.1,YES,0,YES,NO,YES,YES,NO
ID13440,56,F,TOWN,26542.8,NO,0,YES,YES,YES,NO,NO
ID13442,52,M,SUBURBAN,45856.1,NO,1,NO,YES,YES,NO,NO
ID13445,24,M,INNER_CITY,21268.4,YES,0,NO,NO,YES,YES,NO
ID13446,43,M,RURAL,26106.7,NO,1,NO,NO,YES,NO,NO
ID13449,44,F,INNER_CITY,38453.7,NO,2,NO,YES,YES,NO,NO
ID13450,34,F,INNER_CITY,17308.7,YES,1,YES,NO,YES,YES,NO
ID13451,23,F,SUBURBAN,21042.0,YES,1,NO,NO,YES,NO,NO
ID13452,29,M,INNER_CITY,14642.2,NO,0,YES,NO,YES,NO,NO
ID13457,63,F,INNER_CITY,59805.6,YES,1,YES,YES,YES,NO,NO
ID13458,35,F,TOWN,20262.6,NO,0,NO,YES,NO,NO,NO
ID13459,41,F,TOWN,27757.6,NO,0,NO,YES,YES,NO,NO
ID13461,47,M,INNER_CITY,44658.6,NO,2,YES,YES,YES,NO,NO
ID13462,46,M,TOWN,43395.5,NO,1,YES,YES,YES,NO,NO
ID13463,27,F,INNER_CITY,15281.8,NO,0,YES,NO,NO,YES,NO
ID13464,27,M,INNER_CITY,17364.8,YES,2,YES,YES,NO,NO,NO
ID13465,58,F,INNER_CITY,33007.3,NO,1,YES,NO,YES,NO,NO
ID13467,53,F,INNER_CITY,24042.0,NO,1,NO,NO,YES,NO,NO
ID13468,67,F,RURAL,57398.1,NO,3,NO,YES,YES,NO,NO
ID13469,22,F,SUBURBAN,11595.4,NO,0,YES,YES,YES,NO,NO
ID13470,64,F,INNER_CITY,31415.7,NO,1,YES,YES,NO,YES,NO
ID13471,58,F,INNER_CITY,31671.3,YES,1,YES,YES,NO,YES,NO
ID13472,40,F,INNER_CITY,31473.9,NO,2,NO,YES,YES,YES,NO
ID13473,46,M,RURAL,21096.2,YES,1,YES,YES,YES,NO,NO
ID13476,35,M,INNER_CITY,16479.5,YES,0,YES,NO,NO,YES,NO
ID13478,28,F,TOWN,25699.4,YES,2,YES,YES,NO,NO,NO
ID13479,41,F,SUBURBAN,21984.0,YES,1,YES,NO,NO,NO,NO
ID13480,37,M,INNER_CITY,33886.4,NO,0,YES,YES,NO,NO,NO
ID13250,64,F,INNER_CITY,57444.5,NO,1,NO,YES,YES,NO,NO
ID13251,66,M,INNER_CITY,36646.4,NO,1,NO,YES,YES,NO,NO
ID13252,35,M,INNER_CITY,20754.3,NO,0,NO,NO,NO,YES,NO
ID13255,31,F,TOWN,22678.1,NO,1,YES,YES,YES,YES,NO
ID13256,36,F,INNER_CITY,27642.9,NO,1,YES,NO,NO,NO,NO
ID13257,35,M,INNER_CITY,20754.3,NO,0,NO,NO,NO,YES,NO
ID13260,29,M,INNER_CITY,14642.2,NO,0,YES,NO,YES,NO,NO
ID13261,25,F,SUBURBAN,23287.9,NO,0,NO,NO,YES,YES,NO
ID13264,20,M,INNER_CITY,18184.6,YES,0,NO,NO,YES,YES,NO
ID13265,64,F,TOWN,51620.8,NO,2,YES,YES,YES,NO,NO
ID13266,35,M,RURAL,22882.9,YES,0,YES,NO,NO,YES,NO
ID13267,47,M,SUBURBAN,36599.0,YES,3,YES,YES,YES,NO,NO
ID13269,67,F,INNER_CITY,58092.0,NO,2,YES,YES,YES,NO,NO
ID13271,65,M,SUBURBAN,51417.0,YES,2,NO,YES,YES,NO,NO
ID13272,21,F,RURAL,15797.1,YES,0,NO,YES,YES,NO,NO
ID13278,19,M,RURAL,9592.7,NO,0,NO,YES,YES,NO,NO
ID13279,40,M,INNER_CITY,29414.6,YES,1,NO,YES,NO,YES,NO
ID13280,63,F,INNER_CITY,59805.6,YES,1,YES,YES,YES,NO,NO
ID13282,21,F,RURAL,15797.1,YES,0,NO,YES,YES,NO,NO
ID13283,56,F,TOWN,26542.8,NO,0,YES,YES,YES,NO,NO
ID13284,58,F,INNER_CITY,31671.3,YES,1,YES,YES,NO,YES,NO
ID13285,63,M,SUBURBAN,51879.3,YES,2,YES,YES,NO,YES,NO
ID13291,38,M,RURAL,26281.4,NO,0,YES,YES,YES,NO,NO
ID13292,64,F,TOWN,51620.8,NO,2,YES,YES,YES,NO,NO
ID13293,64,F,TOWN,51620.8,NO,2,YES,YES,YES,NO,NO
ID13294,24,F,TOWN,9465.2,NO,0,NO,NO,YES,NO,NO
ID13295,59,F,INNER_CITY,27045.1,NO,0,NO,NO,YES,NO,NO
ID13297,48,M,INNER_CITY,34182.2,YES,2,NO,YES,YES,NO,NO
ID13300,59,M,INNER_CITY,30067.5,NO,1,NO,YES,YES,NO,NO
ID13301,35,F,TOWN,20262.6,NO,0,NO,YES,NO,NO,NO
ID13303,19,M,SUBURBAN,17986.8,YES,0,NO,NO,YES,YES,NO
ID13304,52,F,INNER_CITY,22792.3,YES,1,YES,YES,NO,NO,NO
ID13308,64,F,INNER_CITY,31415.7,NO,1,YES,YES,NO,YES,NO
ID13309,26,F,INNER_CITY,16518.6,YES,0,YES,NO,YES,NO,NO
ID13310,38,M,RURAL,26281.4,NO,0,YES,YES,YES,NO,NO
ID13311,54,F,RURAL,50186.1,YES,2,NO,YES,YES,YES,NO
ID13312,59,M,INNER_CITY,40949.9,NO,0,NO,YES,YES,NO,NO
ID13313,40,M,TOWN,22197.1,NO,0,YES,NO,YES,NO,NO
ID13315,31,F,TOWN,15976.3,YES,0,YES,YES,NO,NO,NO
ID13316,40,M,INNER_CITY,16398.8,NO,1,NO,YES,YES,NO,NO
ID13317,48,M,TOWN,43057.0,NO,1,YES,YES,YES,NO,NO
ID13320,20,M,INNER_CITY,18364.9,YES,1,NO,NO,YES,NO,NO
ID13321,27,M,INNER_CITY,17364.8,YES,2,YES,YES,NO,NO,NO
ID13322,48,F,INNER_CITY,16662.5,YES,1,NO,YES,YES,NO,NO
ID13323,49,M,INNER_CITY,41438.0,NO,1,NO,YES,NO,NO,NO
ID13324,46,F,TOWN,18912.2,YES,0,YES,NO,YES,NO,NO
ID13379,32,M,TOWN,24027.6,NO,0,NO,YES,YES,NO,NO
ID13381,43,M,RURAL,26106.7,NO,1,NO,NO,YES,NO,NO
ID13382,19,M,RURAL,16625.9,YES,1,NO,NO,YES,NO,NO
ID13383,42,M,RURAL,20736.2,YES,1,YES,YES,YES,NO,NO
ID13384,40,M,INNER_CITY,29414.6,YES,1,NO,YES,NO,YES,NO
ID13385,27,F,INNER_CITY,15281.8,NO,0,YES,NO,NO,YES,NO
ID13388,43,M,SUBURBAN,15109.4,YES,0,NO,NO,YES,NO,NO
ID13389,43,F,RURAL,18565.8,YES,1,YES,YES,YES,YES,NO
ID13391,47,M,SUBURBAN,36599.0,YES,3,YES,YES,YES,NO,NO
ID13392,27,F,INNER_CITY,18158.5,NO,1,YES,NO,YES,YES,NO
ID13393,62,M,TOWN,45342.5,YES,0,YES,YES,NO,NO,NO
ID13394,40,M,INNER_CITY,36256.9,NO,0,NO,NO,YES,YES,NO
ID13395,28,F,TOWN,25699.4,YES,2,YES,YES,NO,NO,NO
ID13396,27,M,INNER_CITY,20409.3,YES,2,NO,YES,NO,NO,NO
ID13397,40,F,TOWN,34836.8,YES,1,YES,YES,YES,NO,NO
ID13398,63,M,SUBURBAN,48770.5,YES,1,YES,YES,NO,YES,NO
ID13400,58,F,SUBURBAN,25468.5,NO,0,YES,NO,NO,YES,NO
ID13401,61,F,TOWN,27756.3,YES,0,YES,YES,NO,YES,NO
ID13402,65,M,SUBURBAN,51417.0,YES,2,NO,YES,YES,NO,NO
ID13095,24,F,TOWN,19160.3,YES,1,YES,YES,YES,NO,NO
ID13096,63,M,SUBURBAN,48770.5,YES,1,YES,YES,NO,YES,NO
ID13097,58,F,INNER_CITY,31671.3,YES,1,YES,YES,NO,YES,NO
ID13098,64,F,TOWN,58367.3,YES,1,YES,YES,YES,NO,NO
ID13101,63,M,INNER_CITY,52117.3,NO,2,YES,YES,YES,NO,NO
ID13102,46,F,TOWN,17149.2,NO,1,YES,YES,YES,NO,NO
ID13104,60,M,SUBURBAN,50409.9,NO,2,NO,YES,YES,YES,NO
ID13105,56,F,TOWN,51299.3,YES,1,YES,YES,NO,NO,NO
ID13107,59,M,INNER_CITY,30067.5,NO,1,NO,YES,YES,NO,NO
ID13108,58,F,INNER_CITY,33007.3,NO,1,YES,NO,YES,NO,NO
ID13109,40,M,TOWN,22197.1,NO,0,YES,NO,YES,NO,NO
ID13111,24,F,TOWN,19160.3,YES,1,YES,YES,YES,NO,NO
ID13113,35,M,INNER_CITY,20754.3,NO,0,NO,NO,NO,YES,NO
ID13115,58,F,TOWN,33204.3,NO,1,NO,NO,NO,YES,NO
ID13173,32,M,TOWN,24027.6,NO,0,NO,YES,YES,NO,NO
ID13174,49,M,INNER_CITY,41438.0,NO,1,NO,YES,NO,NO,NO
ID13177,35,F,TOWN,20262.6,NO,0,NO,YES,NO,NO,NO
ID13178,43,F,INNER_CITY,19326.9,YES,1,NO,NO,YES,NO,NO
ID13179,59,F,INNER_CITY,29866.9,NO,1,YES,NO,YES,NO,NO
ID13180,52,F,INNER_CITY,22792.3,YES,1,YES,YES,NO,NO,NO
ID13183,33,F,SUBURBAN,27712.9,NO,2,NO,YES,YES,NO,NO
ID13184,42,M,RURAL,20736.2,YES,1,YES,YES,YES,NO,NO
ID13185,53,F,INNER_CITY,32184.4,YES,2,YES,NO,NO,NO,NO
ID13186,57,F,RURAL,50849.2,NO,1,NO,YES,NO,YES,NO
ID13187,24,F,TOWN,9465.2,NO,0,NO,NO,YES,NO,NO
ID13188,67,F,SUBURBAN,47198.6,YES,2,NO,YES,YES,NO,NO
ID13191,64,M,SUBURBAN,59175.1,YES,1,NO,YES,YES,NO,NO
ID13192,27,M,INNER_CITY,17364.8,YES,2,YES,YES,NO,NO,NO
ID13193,23,F,INNER_CITY,18050.0,YES,0,YES,NO,YES,YES,NO
ID13194,38,F,RURAL,34061.4,NO,0,YES,YES,YES,NO,NO
ID13195,31,M,RURAL,22848.5,YES,1,YES,NO,NO,NO,NO
ID13196,59,M,INNER_CITY,30067.5,NO,1,NO,YES,YES,NO,NO
ID13197,47,M,INNER_CITY,44658.6,NO,2,YES,YES,YES,NO,NO
ID13198,24,F,TOWN,9465.2,NO,0,NO,NO,YES,NO,NO
ID13199,31,F,TOWN,15976.3,YES,0,YES,YES,NO,NO,NO
ID13200,40,M,INNER_CITY,16398.8,NO,1,NO,YES,YES,NO,NO
ID13201,38,F,INNER_CITY,12163.9,YES,2,YES,NO,YES,NO,NO
ID13202,20,M,INNER_CITY,18184.6,YES,0,NO,NO,YES,YES,NO
ID13203,48,M,INNER_CITY,34182.2,YES,2,NO,YES,YES,NO,NO
ID13204,27,M,INNER_CITY,20409.3,YES,2,NO,YES,NO,NO,NO
ID13205,44,M,TOWN,26688.1,YES,1,NO,YES,NO,YES,NO
ID13206,23,F,RURAL,11215.3,YES,2,YES,YES,YES,NO,NO
ID13207,43,M,RURAL,26106.7,NO,1,NO,NO,YES,NO,NO
ID13208,64,M,INNER_CITY,46587.9,NO,0,NO,YES,YES,NO,NO
ID13209,42,F,RURAL,28138.5,YES,0,NO,NO,YES,YES,NO
ID13210,43,F,TOWN,31273.8,NO,1,YES,YES,NO,NO,NO
ID13212,43,F,RURAL,18565.8,YES,1,YES,YES,YES,YES,NO
ID13213,45,F,TOWN,37689.1,NO,1,NO,YES,YES,YES,NO
ID13214,19,M,RURAL,9592.7,NO,0,NO,YES,YES,NO,NO
ID13215,52,F,INNER_CITY,22792.3,YES,1,YES,YES,NO,NO,NO
ID13216,38,M,TOWN,33302.8,NO,0,YES,NO,YES,YES,NO
ID13218,31,M,RURAL,22848.5,YES,1,YES,NO,NO,NO,NO
ID13220,23,F,SUBURBAN,21042.0,YES,1,NO,NO,YES,NO,NO
ID13222,64,M,SUBURBAN,59175.1,YES,1,NO,YES,YES,NO,NO
ID13223,21,F,RURAL,15797.1,YES,0,NO,YES,YES,NO,NO
ID13224,64,F,INNER_CITY,57444.5,NO,1,NO,YES,YES,NO,NO
ID13225,54,F,RURAL,50186.1,YES,2,NO,YES,YES,YES,NO
ID13226,60,M,SUBURBAN,37554.1,YES,2,YES,YES,YES,YES,NO
ID13227,53,M,INNER_CITY,38103.4,NO,2,YES,YES,YES,NO,NO
ID13228,20,M,TOWN,17239.5,NO,1,YES,NO,YES,NO,NO
ID13230,19,M,INNER_CITY,10191.8,YES,0,NO,YES,YES,YES,NO
ID13232,34,F,INNER_CITY,17308.7,YES,1,YES,NO,YES,YES,NO
ID13233,28,M,TOWN,20555.0,NO,0,YES,YES,YES,NO,NO
ID13234,43,F,TOWN,31273.8,NO,1,YES,YES,NO,NO,NO
ID13236,67,F,SUBURBAN,47198.6,YES,2,NO,YES,YES,NO,NO
ID13237,61,F,TOWN,30760.4,NO,2,YES,NO,YES,NO,NO
ID13238,24,F,TOWN,19160.3,YES,1,YES,YES,YES,NO,NO
ID13239,43,F,RURAL,18565.8,YES,1,YES,YES,YES,YES,NO
ID13240,61,F,RURAL,57176.4,NO,2,NO,YES,YES,NO,NO
ID13241,33,F,INNER_CITY,31207.1,NO,0,YES,NO,YES,YES,NO
ID13242,50,M,TOWN,40972.9,NO,2,YES,YES,YES,YES,NO
ID13244,29,M,INNER_CITY,14642.2,NO,0,YES,NO,YES,NO,NO
ID13245,38,F,RURAL,34061.4,NO,0,YES,YES,YES,NO,NO
ID13246,23,F,SUBURBAN,21042.0,YES,1,NO,NO,YES,NO,NO
ID13248,53,F,INNER_CITY,32184.4,YES,2,YES,NO,NO,NO,NO
ID13017,39,M,RURAL,37389.0,YES,2,NO,YES,YES,NO,NO
ID13019,44,M,SUBURBAN,18707.3,YES,0,YES,YES,YES,YES,NO
ID13022,53,F,INNER_CITY,24042.0,NO,1,NO,NO,YES,NO,NO
ID13023,44,M,INNER_CITY,38459.9,YES,0,NO,NO,NO,YES,NO
ID13025,38,F,RURAL,34061.4,NO,0,YES,YES,YES,NO,NO
ID13027,22,F,SUBURBAN,11595.4,NO,0,YES,YES,YES,NO,NO
ID13028,43,F,TOWN,31273.8,NO,1,YES,YES,NO,NO,NO
ID13029,67,F,SUBURBAN,24858.4,YES,0,NO,NO,YES,YES,NO
ID13030,47,M,SUBURBAN,36599.0,YES,3,YES,YES,YES,NO,NO
ID13032,43,M,RURAL,26106.7,NO,1,NO,NO,YES,NO,NO
ID13033,38,M,TOWN,26671.6,NO,0,YES,NO,YES,YES,NO
ID13034,57,F,RURAL,50849.2,NO,1,NO,YES,NO,YES,NO
ID13037,38,F,INNER_CITY,12163.9,YES,2,YES,NO,YES,NO,NO
ID13040,38,M,TOWN,33302.8,NO,0,YES,NO,YES,YES,NO
ID13042,40,F,INNER_CITY,31473.9,NO,2,NO,YES,YES,YES,NO
ID13043,52,M,SUBURBAN,45856.1,NO,1,NO,YES,YES,NO,NO
ID13044,42,F,RURAL,28138.5,YES,0,NO,NO,YES,YES,NO
ID13045,47,M,INNER_CITY,44658.6,NO,2,YES,YES,YES,NO,NO
ID13047,66,M,INNER_CITY,36646.4,NO,1,NO,YES,YES,NO,NO
ID13048,35,F,TOWN,20262.6,NO,0,NO,YES,NO,NO,NO
ID13050,65,F,TOWN,42378.2,YES,1,NO,YES,YES,NO,NO
ID13051,64,F,TOWN,51620.8,NO,2,YES,YES,YES,NO,NO
ID13052,66,M,TOWN,46963.9,YES,1,NO,YES,YES,NO,NO
ID13053,65,M,SUBURBAN,51417.0,YES,2,NO,YES,YES,NO,NO
ID13054,38,M,TOWN,26671.6,NO,0,YES,NO,YES,YES,NO
ID13055,22,F,SUBURBAN,11595.4,NO,0,YES,YES,YES,NO,NO
ID13056,34,F,RURAL,19481.3,NO,0,NO,NO,YES,YES,NO
ID13057,37,M,INNER_CITY,33886.4,NO,0,YES,YES,NO,NO,NO
ID13058,59,F,INNER_CITY,27045.1,NO,0,NO,NO,YES,NO,NO
ID13059,50,M,TOWN,40972.9,NO,2,YES,YES,YES,YES,NO
ID13116,43,F,INNER_CITY,19326.9,YES,1,NO,NO,YES,NO,NO
ID13118,51,M,TOWN,33615.4,YES,1,NO,YES,NO,YES,NO
ID13119,44,M,SUBURBAN,23092.1,YES,0,YES,NO,YES,YES,NO
ID13120,19,M,RURAL,16625.9,YES,1,NO,NO,YES,NO,NO
ID13121,23,F,SUBURBAN,21042.0,YES,1,NO,NO,YES,NO,NO
ID13122,39,M,INNER_CITY,34852.3,YES,1,NO,YES,NO,YES,NO
ID13123,40,F,INNER_CITY,31473.9,NO,2,NO,YES,YES,YES,NO
ID13124,66,F,RURAL,52769.9,YES,3,YES,YES,YES,NO,NO
ID13125,34,F,RURAL,19481.3,NO,0,NO,NO,YES,YES,NO
ID13126,58,F,SUBURBAN,25468.5,NO,0,YES,NO,NO,YES,NO
ID13127,34,F,INNER_CITY,17308.7,YES,1,YES,NO,YES,YES,NO
ID13128,58,F,TOWN,33204.3,NO,1,NO,NO,NO,YES,NO
ID13130,56,F,TOWN,26542.8,NO,0,YES,YES,YES,NO,NO
ID13131,34,F,RURAL,19481.3,NO,0,NO,NO,YES,YES,NO
ID13132,20,M,INNER_CITY,18184.6,YES,0,NO,NO,YES,YES,NO
ID13133,43,M,SUBURBAN,15109.4,YES,0,NO,NO,YES,NO,NO
ID13134,62,M,TOWN,45342.5,YES,0,YES,YES,NO,NO,NO
ID13135,59,F,INNER_CITY,23175.0,YES,0,NO,NO,NO,YES,NO
ID13136,40,M,TOWN,22197.1,NO,0,YES,NO,YES,NO,NO
ID13139,65,F,TOWN,42378.2,YES,1,NO,YES,YES,NO,NO
ID13140,59,F,INNER_CITY,23175.0,YES,0,NO,NO,NO,YES,NO
ID13141,64,F,INNER_CITY,57444.5,NO,1,NO,YES,YES,NO,NO
ID13142,24,F,TOWN,19160.3,YES,1,YES,YES,YES,NO,NO
ID13143,31,F,TOWN,15976.3,YES,0,YES,YES,NO,NO,NO
ID13145,54,F,RURAL,50186.1,YES,2,NO,YES,YES,YES,NO
ID13146,53,F,INNER_CITY,37850.6,NO,1,NO,YES,YES,NO,NO
ID13147,66,M,TOWN,46963.9,YES,1,NO,YES,YES,NO,NO
ID13148,40,M,INNER_CITY,36256.9,NO,0,NO,NO,YES,YES,NO
ID13149,28,F,INNER_CITY,21184.7,YES,1,YES,YES,YES,NO,NO
ID13150,25,F,SUBURBAN,23287.9,NO,0,NO,NO,YES,YES,NO
ID13151,63,M,INNER_CITY,52117.3,NO,2,YES,YES,YES,NO,NO
ID13152,56,F,TOWN,26542.8,NO,0,YES,YES,YES,NO,NO
ID13153,43,F,INNER_CITY,19326.9,YES,1,NO,NO,YES,NO,NO
ID13154,65,M,SUBURBAN,51417.0,YES,2,NO,YES,YES,NO,NO
ID13155,34,F,INNER_CITY,17308.7,YES,1,YES,NO,YES,YES,NO
ID13156,23,F,SUBURBAN,21042.0,YES,1,NO,NO,YES,NO,NO
ID13158,37,M,INNER_CITY,33886.4,NO,0,YES,YES,NO,NO,NO
ID13159,33,M,TOWN,23528.4,YES,1,NO,YES,YES,YES,NO
ID13160,40,F,INNER_CITY,31473.9,NO,2,NO,YES,YES,YES,NO
ID13161,38,M,RURAL,26281.4,NO,0,YES,YES,YES,NO,NO
ID13163,46,M,TOWN,43395.5,NO,1,YES,YES,YES,NO,NO
ID13166,31,M,RURAL,22848.5,YES,1,YES,NO,NO,NO,NO
ID13167,54,F,RURAL,50186.1,YES,2,NO,YES,YES,YES,NO
ID13168,51,M,TOWN,33615.4,YES,1,NO,YES,NO,YES,NO
ID13170,44,M,TOWN,26688.1,YES,1,NO,YES,NO,YES,NO
ID13171,59,M,INNER_CITY,40949.9,NO,0,NO,YES,YES,NO,NO
ID13172,43,F,RURAL,18565.8,YES,1,YES,YES,YES,YES,NO
ID12940,47,M,INNER_CITY,44658.6,NO,2,YES,YES,YES,NO,NO
ID12941,60,M,INNER_CITY,29714.4,YES,0,YES,NO,YES,YES,NO
ID12942,32,F,INNER_CITY,22446.5,NO,1,NO,NO,YES,YES,NO
ID12944,27,M,INNER_CITY,20409.3,YES,2,NO,YES,NO,NO,NO
ID12945,51,M,TOWN,33615.4,YES,1,NO,YES,NO,YES,NO
ID12946,23,F,RURAL,11215.3,YES,2,YES,YES,YES,NO,NO
ID12948,46,F,TOWN,18912.2,YES,0,YES,NO,YES,NO,NO
ID12949,59,M,INNER_CITY,40949.9,NO,0,NO,YES,YES,NO,NO
ID12950,38,M,TOWN,33302.8,NO,0,YES,NO,YES,YES,NO
ID12951,66,M,INNER_CITY,36646.4,NO,1,NO,YES,YES,NO,NO
ID12952,44,M,INNER_CITY,38459.9,YES,0,NO,NO,NO,YES,NO
ID12953,59,F,INNER_CITY,23175.0,YES,0,NO,NO,NO,YES,NO
ID12954,63,F,INNER_CITY,59805.6,YES,1,YES,YES,YES,NO,NO
ID12955,24,F,TOWN,19160.3,YES,1,YES,YES,YES,NO,NO
ID12956,53,F,INNER_CITY,37850.6,NO,1,NO,YES,YES,NO,NO
ID12957,38,F,RURAL,34061.4,NO,0,YES,YES,YES,NO,NO
ID12958,34,F,SUBURBAN,12810.2,NO,3,NO,YES,YES,NO,NO
ID12959,59,F,INNER_CITY,27045.1,NO,0,NO,NO,YES,NO,NO
ID12960,46,M,TOWN,43395.5,NO,1,YES,YES,YES,NO,NO
ID12961,53,F,INNER_CITY,24042.0,NO,1,NO,NO,YES,NO,NO
ID12963,34,F,RURAL,19481.3,NO,0,NO,NO,YES,YES,NO
ID12969,33,M,TOWN,23528.4,YES,1,NO,YES,YES,YES,NO
ID12970,48,F,INNER_CITY,16662.5,YES,1,NO,YES,YES,NO,NO
ID12971,28,F,TOWN,25699.4,YES,2,YES,YES,NO,NO,NO
ID12974,46,F,TOWN,18912.2,YES,0,YES,NO,YES,NO,NO
ID12977,58,F,INNER_CITY,33007.3,NO,1,YES,NO,YES,NO,NO
ID12978,67,F,INNER_CITY,58092.0,NO,2,YES,YES,YES,NO,NO
ID12979,34,F,INNER_CITY,17308.7,YES,1,YES,NO,YES,YES,NO
ID12980,65,M,SUBURBAN,51417.0,YES,2,NO,YES,YES,NO,NO
ID12981,20,M,TOWN,17239.5,NO,1,YES,NO,YES,NO,NO
ID12982,27,M,INNER_CITY,17364.8,YES,2,YES,YES,NO,NO,NO
ID12983,50,M,TOWN,40972.9,NO,2,YES,YES,YES,YES,NO
ID12984,64,F,INNER_CITY,57444.5,NO,1,NO,YES,YES,NO,NO
ID12985,41,F,SUBURBAN,21984.0,YES,1,YES,NO,NO,NO,NO
ID12986,67,F,RURAL,57398.1,NO,3,NO,YES,YES,NO,NO
ID12987,42,M,RURAL,20736.2,YES,1,YES,YES,YES,NO,NO
ID12989,67,F,RURAL,57398.1,NO,3,NO,YES,YES,NO,NO
ID12991,24,F,INNER_CITY,13864.6,YES,3,NO,YES,YES,NO,NO
ID12992,22,F,SUBURBAN,11595.4,NO,0,YES,YES,YES,NO,NO
ID12993,49,M,INNER_CITY,17944.2,NO,1,YES,YES,YES,YES,NO
ID12994,63,M,SUBURBAN,51879.3,YES,2,YES,YES,NO,YES,NO
ID12995,40,M,TOWN,22197.1,NO,0,YES,NO,YES,NO,NO
ID12997,43,F,INNER_CITY,19326.9,YES,1,NO,NO,YES,NO,NO
ID12999,23,F,RURAL,11215.3,YES,2,YES,YES,YES,NO,NO
ID13000,27,F,INNER_CITY,15281.8,NO,0,YES,NO,NO,YES,NO
ID13001,21,F,RURAL,15797.1,YES,0,NO,YES,YES,NO,NO
ID13002,46,M,TOWN,43395.5,NO,1,YES,YES,YES,NO,NO
ID13003,19,M,SUBURBAN,17986.8,YES,0,NO,NO,YES,YES,NO
ID13004,59,F,INNER_CITY,29866.9,NO,1,YES,NO,YES,NO,NO
ID13060,46,M,RURAL,21096.2,YES,1,YES,YES,YES,NO,NO
ID13063,52,F,INNER_CITY,22792.3,YES,1,YES,YES,NO,NO,NO
ID13064,41,M,INNER_CITY,23475.6,YES,0,YES,NO,YES,YES,NO
ID13066,20,M,TOWN,17239.5,NO,1,YES,NO,YES,NO,NO
ID13068,60,M,SUBURBAN,37554.1,YES,2,YES,YES,YES,YES,NO
ID13069,33,F,SUBURBAN,27712.9,NO,2,NO,YES,YES,NO,NO
ID13070,31,M,RURAL,22848.5,YES,1,YES,NO,NO,NO,NO
ID13072,32,M,TOWN,24027.6,NO,0,NO,YES,YES,NO,NO
ID13075,53,F,INNER_CITY,37850.6,NO,1,NO,YES,YES,NO,NO
ID13076,41,F,SUBURBAN,21984.0,YES,1,YES,NO,NO,NO,NO
ID13077,19,M,SUBURBAN,17986.8,YES,0,NO,NO,YES,YES,NO
ID13078,32,F,INNER_CITY,22446.5,NO,1,NO,NO,YES,YES,NO
ID13080,49,M,INNER_CITY,41438.0,NO,1,NO,YES,NO,NO,NO
ID13083,56,F,TOWN,51299.3,YES,1,YES,YES,NO,NO,NO
ID13087,46,F,TOWN,17149.2,NO,1,YES,YES,YES,NO,NO
ID13088,66,M,TOWN,46963.9,YES,1,NO,YES,YES,NO,NO
ID13089,32,F,INNER_CITY,22446.5,NO,1,NO,NO,YES,YES,NO
ID13092,63,M,SUBURBAN,51879.3,YES,2,YES,YES,NO,YES,NO
ID13093,43,M,RURAL,26106.7,NO,1,NO,NO,YES,NO,NO
ID13094,43,M,SUBURBAN,15109.4,YES,0,NO,NO,YES,NO,NO
ID12786,33,F,INNER_CITY,31207.1,NO,0,YES,NO,YES,YES,NO
ID12788,27,M,INNER_CITY,17364.8,YES,2,YES,YES,NO,NO,NO
ID12789,59,M,INNER_CITY,30067.5,NO,1,NO,YES,YES,NO,NO
ID12790,19,M,SUBURBAN,17986.8,YES,0,NO,NO,YES,YES,NO
ID12791,33,F,SUBURBAN,27712.9,NO,2,NO,YES,YES,NO,NO
ID12792,38,F,INNER_CITY,12163.9,YES,2,YES,NO,YES,NO,NO
ID12793,19,M,RURAL,16625.9,YES,1,NO,NO,YES,NO,NO
ID12795,38,F,INNER_CITY,12163.9,YES,2,YES,NO,YES,NO,NO
ID12863,66,F,RURAL,52769.9,YES,3,YES,YES,YES,NO,NO
ID12864,27,M,INNER_CITY,20409.3,YES,2,NO,YES,NO,NO,NO
ID12865,53,F,INNER_CITY,32184.4,YES,2,YES,NO,NO,NO,NO
ID12866,48,F,INNER_CITY,16662.5,YES,1,NO,YES,YES,NO,NO
ID12867,60,M,SUBURBAN,37554.1,YES,2,YES,YES,YES,YES,NO
ID12872,43,M,SUBURBAN,15109.4,YES,0,NO,NO,YES,NO,NO
ID12873,31,M,SUBURBAN,22362.3,NO,0,NO,YES,YES,NO,NO
ID12874,43,F,INNER_CITY,19326.9,YES,1,NO,NO,YES,NO,NO
ID12876,35,F,TOWN,20262.6,NO,0,NO,YES,NO,NO,NO
ID12877,34,F,SUBURBAN,12810.2,NO,3,NO,YES,YES,NO,NO
ID12878,48,M,TOWN,43057.0,NO,1,YES,YES,YES,NO,NO
ID12880,31,M,SUBURBAN,22362.3,NO,0,NO,YES,YES,NO,NO
ID12882,24,F,INNER_CITY,7756.3,NO,0,NO,NO,NO,NO,NO
ID12884,23,F,RURAL,11215.3,YES,2,YES,YES,YES,NO,NO
ID12886,64,F,INNER_CITY,57444.5,NO,1,NO,YES,YES,NO,NO
ID12888,59,F,INNER_CITY,29866.9,NO,1,YES,NO,YES,NO,NO
ID12890,24,F,TOWN,9465.2,NO,0,NO,NO,YES,NO,NO
ID12892,39,M,INNER_CITY,34852.3,YES,1,NO,YES,NO,YES,NO
ID12893,38,F,RURAL,34061.4,NO,0,YES,YES,YES,NO,NO
ID12894,19,M,INNER_CITY,10191.8,YES,0,NO,YES,YES,YES,NO
ID12895,31,F,TOWN,22678.1,NO,1,YES,YES,YES,YES,NO
ID12896,53,F,INNER_CITY,37850.6,NO,1,NO,YES,YES,NO,NO
ID12897,20,M,INNER_CITY,18184.6,YES,0,NO,NO,YES,YES,NO
ID12898,31,M,SUBURBAN,22362.3,NO,0,NO,YES,YES,NO,NO
ID12899,58,F,INNER_CITY,33007.3,NO,1,YES,NO,YES,NO,NO
ID12901,59,M,INNER_CITY,30067.5,NO,1,NO,YES,YES,NO,NO
ID12902,27,M,INNER_CITY,20409.3,YES,2,NO,YES,NO,NO,NO
ID12904,31,F,TOWN,15976.3,YES,0,YES,YES,NO,NO,NO
ID12905,44,M,SUBURBAN,23092.1,YES,0,YES,NO,YES,YES,NO
ID12906,27,F,INNER_CITY,15281.8,NO,0,YES,NO,NO,YES,NO
ID12907,35,M,INNER_CITY,16479.5,YES,0,YES,NO,NO,YES,NO
ID12908,28,F,TOWN,25699.4,YES,2,YES,YES,NO,NO,NO
ID12909,60,M,INNER_CITY,29714.4,YES,0,YES,NO,YES,YES,NO
ID12910,58,F,INNER_CITY,33007.3,NO,1,YES,NO,YES,NO,NO
ID12912,67,F,RURAL,57398.1,NO,3,NO,YES,YES,NO,NO
ID12914,60,M,INNER_CITY,29714.4,YES,0,YES,NO,YES,YES,NO
ID12915,49,M,INNER_CITY,41438.0,NO,1,NO,YES,NO,NO,NO
ID12916,20,M,INNER_CITY,18364.9,YES,1,NO,NO,YES,NO,NO
ID12917,64,F,TOWN,58367.3,YES,1,YES,YES,YES,NO,NO
ID12918,19,M,RURAL,9592.7,NO,0,NO,YES,YES,NO,NO
ID12919,43,F,TOWN,31273.8,NO,1,YES,YES,NO,NO,NO
ID12921,41,F,SUBURBAN,21984.0,YES,1,YES,NO,NO,NO,NO
ID12922,64,M,INNER_CITY,46587.9,NO,0,NO,YES,YES,NO,NO
ID12923,46,F,TOWN,17149.2,NO,1,YES,YES,YES,NO,NO
ID12925,24,F,INNER_CITY,13864.6,YES,3,NO,YES,YES,NO,NO
ID12928,59,F,INNER_CITY,23175.0,YES,0,NO,NO,NO,YES,NO
ID12930,43,F,RURAL,18565.8,YES,1,YES,YES,YES,YES,NO
ID12931,59,M,INNER_CITY,30067.5,NO,1,NO,YES,YES,NO,NO
ID12932,35,F,TOWN,30799.5,YES,2,NO,NO,YES,NO,NO
ID12933,59,F,INNER_CITY,29866.9,NO,1,YES,NO,YES,NO,NO
ID12934,59,M,INNER_CITY,40949.9,NO,0,NO,YES,YES,NO,NO
ID12935,33,F,INNER_CITY,31207.1,NO,0,YES,NO,YES,YES,NO
ID12936,41,F,SUBURBAN,21984.0,YES,1,YES,NO,NO,NO,NO
ID12937,20,M,INNER_CITY,18184.6,YES,0,NO,NO,YES,YES,NO
ID12939,60,M,SUBURBAN,37554.1,YES,2,YES,YES,YES,YES,NO
ID13007,24,F,TOWN,9465.2,NO,0,NO,NO,YES,NO,NO
ID13008,20,M,INNER_CITY,18364.9,YES,1,NO,NO,YES,NO,NO
ID13010,58,F,SUBURBAN,25468.5,NO,0,YES,NO,NO,YES,NO
ID13011,38,M,RURAL,26281.4,NO,0,YES,YES,YES,NO,NO
ID13012,35,M,INNER_CITY,16479.5,YES,0,YES,NO,NO,YES,NO
ID13013,23,F,INNER_CITY,18050.0,YES,0,YES,NO,YES,YES,NO
ID13014,60,M,SUBURBAN,37554.1,YES,2,YES,YES,YES,YES,NO
ID13015,58,F,TOWN,33204.3,NO,1,NO,NO,NO,YES,NO
ID13016,42,F,RURAL,28138.5,YES,0,NO,NO,YES,YES,NO
ID12709,67,F,RURAL,57398.1,NO,3,NO,YES,YES,NO,NO
ID12710,38,F,RURAL,34061.4,NO,0,YES,YES,YES,NO,NO
ID12711,59,F,INNER_CITY,29866.9,NO,1,YES,NO,YES,NO,NO
ID12712,53,F,INNER_CITY,24042.0,NO,1,NO,NO,YES,NO,NO
ID12713,38,M,TOWN,26671.6,NO,0,YES,NO,YES,YES,NO
ID12715,28,M,TOWN,20555.0,NO,0,YES,YES,YES,NO,NO
ID12718,53,M,RURAL,48971.6,YES,3,YES,YES,NO,NO,NO
ID12720,67,F,INNER_CITY,58092.0,NO,2,YES,YES,YES,NO,NO
ID12721,19,M,INNER_CITY,10191.8,YES,0,NO,YES,YES,YES,NO
ID12722,29,M,INNER_CITY,14642.2,NO,0,YES,NO,YES,NO,NO
ID12723,67,F,SUBURBAN,47198.6,YES,2,NO,YES,YES,NO,NO
ID12724,28,F,INNER_CITY,21184.7,YES,1,YES,YES,YES,NO,NO
ID12725,58,F,TOWN,33204.3,NO,1,NO,NO,NO,YES,NO
ID12727,20,M,TOWN,17239.5,NO,1,YES,NO,YES,NO,NO
ID12728,26,F,INNER_CITY,16518.6,YES,0,YES,NO,YES,NO,NO
ID12729,63,M,SUBURBAN,48770.5,YES,1,YES,YES,NO,YES,NO
ID12730,50,M,TOWN,40972.9,NO,2,YES,YES,YES,YES,NO
ID12732,40,F,TOWN,34836.8,YES,1,YES,YES,YES,NO,NO
ID12733,49,M,INNER_CITY,41438.0,NO,1,NO,YES,NO,NO,NO
ID12734,40,M,INNER_CITY,29414.6,YES,1,NO,YES,NO,YES,NO
ID12735,34,F,RURAL,19481.3,NO,0,NO,NO,YES,YES,NO
ID12736,53,F,INNER_CITY,32184.4,YES,2,YES,NO,NO,NO,NO
ID12738,41,F,TOWN,27757.6,NO,0,NO,YES,YES,NO,NO
ID12739,46,M,TOWN,43395.5,NO,1,YES,YES,YES,NO,NO
ID12740,63,M,SUBURBAN,51879.3,YES,2,YES,YES,NO,YES,NO
ID12742,61,F,TOWN,27756.3,YES,0,YES,YES,NO,YES,NO
ID12797,27,F,INNER_CITY,18158.5,NO,1,YES,NO,YES,YES,NO
ID12798,64,F,TOWN,58367.3,YES,1,YES,YES,YES,NO,NO
ID12799,35,F,TOWN,30799.5,YES,2,NO,NO,YES,NO,NO
ID12800,48,F,INNER_CITY,21821.4,YES,1,YES,YES,NO,YES,NO
ID12801,49,M,INNER_CITY,17944.2,NO,1,YES,YES,YES,YES,NO
ID12802,58,F,SUBURBAN,25468.5,NO,0,YES,NO,NO,YES,NO
ID12803,38,M,RURAL,26281.4,NO,0,YES,YES,YES,NO,NO
ID12804,48,M,TOWN,43057.0,NO,1,YES,YES,YES,NO,NO
ID12806,19,M,RURAL,9592.7,NO,0,NO,YES,YES,NO,NO
ID12808,46,M,RURAL,21096.2,YES,1,YES,YES,YES,NO,NO
ID12809,44,M,SUBURBAN,18707.3,YES,0,YES,YES,YES,YES,NO
ID12810,66,F,RURAL,52769.9,YES,3,YES,YES,YES,NO,NO
ID12811,19,M,RURAL,9592.7,NO,0,NO,YES,YES,NO,NO
ID12812,27,F,INNER_CITY,18158.5,NO,1,YES,NO,YES,YES,NO
ID12815,22,F,SUBURBAN,11595.4,NO,0,YES,YES,YES,NO,NO
ID12816,64,M,INNER_CITY,46587.9,NO,0,NO,YES,YES,NO,NO
ID12818,61,F,TOWN,30760.4,NO,2,YES,NO,YES,NO,NO
ID12819,44,M,TOWN,26688.1,YES,1,NO,YES,NO,YES,NO
ID12820,34,F,INNER_CITY,17308.7,YES,1,YES,NO,YES,YES,NO
ID12823,31,M,RURAL,22848.5,YES,1,YES,NO,NO,NO,NO
ID12825,64,F,INNER_CITY,57444.5,NO,1,NO,YES,YES,NO,NO
ID12826,33,M,TOWN,23528.4,YES,1,NO,YES,YES,YES,NO
ID12827,24,F,INNER_CITY,13864.6,YES,3,NO,YES,YES,NO,NO
ID12828,37,M,INNER_CITY,33886.4,NO,0,YES,YES,NO,NO,NO
ID12829,64,F,INNER_CITY,31415.7,NO,1,YES,YES,NO,YES,NO
ID12830,25,F,SUBURBAN,23287.9,NO,0,NO,NO,YES,YES,NO
ID12831,31,M,RURAL,22848.5,YES,1,YES,NO,NO,NO,NO
ID12832,48,M,TOWN,43057.0,NO,1,YES,YES,YES,NO,NO
ID12833,32,F,INNER_CITY,22446.5,NO,1,NO,NO,YES,YES,NO
ID12835,46,F,TOWN,18912.2,YES,0,YES,NO,YES,NO,NO
ID12836,45,F,TOWN,37689.1,NO,1,NO,YES,YES,YES,NO
ID12837,58,F,TOWN,52662.5,YES,1,YES,YES,YES,YES,NO
ID12838,53,M,RURAL,48971.6,YES,3,YES,YES,NO,NO,NO
ID12841,27,M,INNER_CITY,17364.8,YES,2,YES,YES,NO,NO,NO
ID12846,24,F,INNER_CITY,7756.3,NO,0,NO,NO,NO,NO,NO
ID12847,24,F,INNER_CITY,13864.6,YES,3,NO,YES,YES,NO,NO
ID12848,23,F,SUBURBAN,21042.0,YES,1,NO,NO,YES,NO,NO
ID12849,66,M,INNER_CITY,36646.4,NO,1,NO,YES,YES,NO,NO
ID12850,43,F,RURAL,18565.8,YES,1,YES,YES,YES,YES,NO
ID12852,46,F,TOWN,17149.2,NO,1,YES,YES,YES,NO,NO
ID12855,23,F,RURAL,11215.3,YES,2,YES,YES,YES,NO,NO
ID12857,43,F,TOWN,31273.8,NO,1,YES,YES,NO,NO,NO
ID12858,25,F,SUBURBAN,23287.9,NO,0,NO,NO,YES,YES,NO
ID12859,24,M,INNER_CITY,21268.4,YES,0,NO,NO,YES,YES,NO
ID12860,59,F,INNER_CITY,27045.1,NO,0,NO,NO,YES,NO,NO
ID12861,48,M,INNER_CITY,34182.2,YES,2,NO,YES,YES,NO,NO
ID12862,49,F,SUBURBAN,30198.5,YES,0,YES,NO,YES,YES,NO
ID12635,23,F,RURAL,11215.3,YES,2,YES,YES,YES,NO,NO
ID12636,63,M,SUBURBAN,48770.5,YES,1,YES,YES,NO,YES,NO
ID12638,38,F,INNER_CITY,12163.9,YES,2,YES,NO,YES,NO,NO
ID12639,53,M,INNER_CITY,38103.4,NO,2,YES,YES,YES,NO,NO
ID12642,24,F,TOWN,9465.2,NO,0,NO,NO,YES,NO,NO
ID12644,31,F,TOWN,15976.3,YES,0,YES,YES,NO,NO,NO
ID12646,33,F,SUBURBAN,27712.9,NO,2,NO,YES,YES,NO,NO
ID12647,38,M,TOWN,26671.6,NO,0,YES,NO,YES,YES,NO
ID12649,29,M,INNER_CITY,14642.2,NO,0,YES,NO,YES,NO,NO
ID12650,64,F,TOWN,51620.8,NO,2,YES,YES,YES,NO,NO
ID12653,63,M,INNER_CITY,52117.3,NO,2,YES,YES,YES,NO,NO
ID12654,22,F,SUBURBAN,11595.4,NO,0,YES,YES,YES,NO,NO
ID12655,64,F,INNER_CITY,31415.7,NO,1,YES,YES,NO,YES,NO
ID12656,34,F,RURAL,19481.3,NO,0,NO,NO,YES,YES,NO
ID12657,46,F,TOWN,17149.2,NO,1,YES,YES,YES,NO,NO
ID12659,39,M,RURAL,37389.0,YES,2,NO,YES,YES,NO,NO
ID12660,53,F,INNER_CITY,37850.6,NO,1,NO,YES,YES,NO,NO
ID12661,45,F,TOWN,37689.1,NO,1,NO,YES,YES,YES,NO
ID12662,35,F,TOWN,20262.6,NO,0,NO,YES,NO,NO,NO
ID12664,33,F,INNER_CITY,31207.1,NO,0,YES,NO,YES,YES,NO
ID12665,38,M,TOWN,26671.6,NO,0,YES,NO,YES,YES,NO
ID12673,46,M,TOWN,43395.5,NO,1,YES,YES,YES,NO,NO
ID12674,42,M,RURAL,20736.2,YES,1,YES,YES,YES,NO,NO
ID12676,48,F,INNER_CITY,21821.4,YES,1,YES,YES,NO,YES,NO
ID12678,44,F,INNER_CITY,38453.7,NO,2,NO,YES,YES,NO,NO
ID12679,58,F,TOWN,52662.5,YES,1,YES,YES,YES,YES,NO
ID12680,62,M,TOWN,45342.5,YES,0,YES,YES,NO,NO,NO
ID12683,40,M,INNER_CITY,16398.8,NO,1,NO,YES,YES,NO,NO
ID12685,48,F,INNER_CITY,21821.4,YES,1,YES,YES,NO,YES,NO
ID12687,60,M,SUBURBAN,37554.1,YES,2,YES,YES,YES,YES,NO
ID12688,45,F,TOWN,37689.1,NO,1,NO,YES,YES,YES,NO
ID12744,35,F,TOWN,20262.6,NO,0,NO,YES,NO,NO,NO
ID12745,63,M,SUBURBAN,51879.3,YES,2,YES,YES,NO,YES,NO
ID12746,44,M,INNER_CITY,38459.9,YES,0,NO,NO,NO,YES,NO
ID12747,46,M,RURAL,21096.2,YES,1,YES,YES,YES,NO,NO
ID12749,34,F,SUBURBAN,12810.2,NO,3,NO,YES,YES,NO,NO
ID12751,19,M,RURAL,9592.7,NO,0,NO,YES,YES,NO,NO
ID12752,53,M,INNER_CITY,38103.4,NO,2,YES,YES,YES,NO,NO
ID12753,40,M,INNER_CITY,29414.6,YES,1,NO,YES,NO,YES,NO
ID12755,28,M,TOWN,20555.0,NO,0,YES,YES,YES,NO,NO
ID12756,53,F,INNER_CITY,24042.0,NO,1,NO,NO,YES,NO,NO
ID12757,50,M,TOWN,40972.9,NO,2,YES,YES,YES,YES,NO
ID12758,64,M,SUBURBAN,59175.1,YES,1,NO,YES,YES,NO,NO
ID12760,60,M,SUBURBAN,50409.9,NO,2,NO,YES,YES,YES,NO
ID12761,61,F,RURAL,57176.4,NO,2,NO,YES,YES,NO,NO
ID12762,64,M,INNER_CITY,46587.9,NO,0,NO,YES,YES,NO,NO
ID12764,27,F,INNER_CITY,15281.8,NO,0,YES,NO,NO,YES,NO
ID12769,59,M,INNER_CITY,30067.5,NO,1,NO,YES,YES,NO,NO
ID12771,59,F,INNER_CITY,23175.0,YES,0,NO,NO,NO,YES,NO
ID12773,40,M,INNER_CITY,29414.6,YES,1,NO,YES,NO,YES,NO
ID12774,19,M,SUBURBAN,17986.8,YES,0,NO,NO,YES,YES,NO
ID12775,35,M,RURAL,22882.9,YES,0,YES,NO,NO,YES,NO
ID12776,31,M,RURAL,22848.5,YES,1,YES,NO,NO,NO,NO
ID12777,63,M,INNER_CITY,52117.3,NO,2,YES,YES,YES,NO,NO
ID12780,39,M,RURAL,37389.0,YES,2,NO,YES,YES,NO,NO
ID12781,48,F,INNER_CITY,16662.5,YES,1,NO,YES,YES,NO,NO
ID12783,53,F,INNER_CITY,32184.4,YES,2,YES,NO,NO,NO,NO
ID12784,46,M,TOWN,43395.5,NO,1,YES,YES,YES,NO,NO
ID12785,26,F,INNER_CITY,16518.6,YES,0,YES,NO,YES,NO,NO
ID12478,50,M,TOWN,40972.9,NO,2,YES,YES,YES,YES,NO
ID12479,44,M,SUBURBAN,18707.3,YES,0,YES,YES,YES,YES,NO
ID12480,61,F,TOWN,27756.3,YES,0,YES,YES,NO,YES,NO
ID12555,29,M,INNER_CITY,14642.2,NO,0,YES,NO,YES,NO,NO
ID12556,35,F,TOWN,30799.5,YES,2,NO,NO,YES,NO,NO
ID12557,67,F,SUBURBAN,47198.6,YES,2,NO,YES,YES,NO,NO
ID12560,31,F,TOWN,15976.3,YES,0,YES,YES,NO,NO,NO
ID12561,47,M,SUBURBAN,36599.0,YES,3,YES,YES,YES,NO,NO
ID12564,40,M,INNER_CITY,36256.9,NO,0,NO,NO,YES,YES,NO
ID12566,24,M,INNER_CITY,21268.4,YES,0,NO,NO,YES,YES,NO
ID12567,43,M,SUBURBAN,15109.4,YES,0,NO,NO,YES,NO,NO
ID12568,59,M,INNER_CITY,40949.9,NO,0,NO,YES,YES,NO,NO
ID12569,38,M,RURAL,26281.4,NO,0,YES,YES,YES,NO,NO
ID12571,53,M,RURAL,48971.6,YES,3,YES,YES,NO,NO,NO
ID12573,21,F,RURAL,15797.1,YES,0,NO,YES,YES,NO,NO
ID12574,38,M,RURAL,26281.4,NO,0,YES,YES,YES,NO,NO
ID12576,27,F,INNER_CITY,18158.5,NO,1,YES,NO,YES,YES,NO
ID12577,42,F,RURAL,28138.5,YES,0,NO,NO,YES,YES,NO
ID12579,42,M,RURAL,20736.2,YES,1,YES,YES,YES,NO,NO
ID12580,40,F,INNER_CITY,31473.9,NO,2,NO,YES,YES,YES,NO
ID12581,49,F,SUBURBAN,30198.5,YES,0,YES,NO,YES,YES,NO
ID12582,45,F,TOWN,37689.1,NO,1,NO,YES,YES,YES,NO
ID12584,59,F,INNER_CITY,27045.1,NO,0,NO,NO,YES,NO,NO
ID12585,32,F,INNER_CITY,22446.5,NO,1,NO,NO,YES,YES,NO
ID12586,21,F,RURAL,15797.1,YES,0,NO,YES,YES,NO,NO
ID12588,28,F,INNER_CITY,21184.7,YES,1,YES,YES,YES,NO,NO
ID12589,44,F,INNER_CITY,38453.7,NO,2,NO,YES,YES,NO,NO
ID12591,35,F,TOWN,30799.5,YES,2,NO,NO,YES,NO,NO
ID12593,58,F,INNER_CITY,33007.3,NO,1,YES,NO,YES,NO,NO
ID12594,24,F,INNER_CITY,7756.3,NO,0,NO,NO,NO,NO,NO
ID12597,58,F,SUBURBAN,25468.5,NO,0,YES,NO,NO,YES,NO
ID12599,61,F,TOWN,27756.3,YES,0,YES,YES,NO,YES,NO
ID12600,38,M,TOWN,33302.8,NO,0,YES,NO,YES,YES,NO
ID12601,41,M,INNER_CITY,23475.6,YES,0,YES,NO,YES,YES,NO
ID12602,25,F,SUBURBAN,23287.9,NO,0,NO,NO,YES,YES,NO
ID12603,56,F,TOWN,26542.8,NO,0,YES,YES,YES,NO,NO
ID12604,67,F,SUBURBAN,24858.4,YES,0,NO,NO,YES,YES,NO
ID12605,35,M,INNER_CITY,20754.3,NO,0,NO,NO,NO,YES,NO
ID12606,65,F,TOWN,42378.2,YES,1,NO,YES,YES,NO,NO
ID12608,63,M,SUBURBAN,51879.3,YES,2,YES,YES,NO,YES,NO
ID12609,66,F,RURAL,52769.9,YES,3,YES,YES,YES,NO,NO
ID12610,64,M,SUBURBAN,59175.1,YES,1,NO,YES,YES,NO,NO
ID12611,56,F,TOWN,26542.8,NO,0,YES,YES,YES,NO,NO
ID12612,52,M,SUBURBAN,45856.1,NO,1,NO,YES,YES,NO,NO
ID12613,64,F,TOWN,58367.3,YES,1,YES,YES,YES,NO,NO
ID12614,59,F,INNER_CITY,23175.0,YES,0,NO,NO,NO,YES,NO
ID12615,63,F,INNER_CITY,59805.6,YES,1,YES,YES,YES,NO,NO
ID12616,57,F,RURAL,50849.2,NO,1,NO,YES,NO,YES,NO
ID12618,32,F,INNER_CITY,22446.5,NO,1,NO,NO,YES,YES,NO
ID12619,66,F,RURAL,52769.9,YES,3,YES,YES,YES,NO,NO
ID12620,26,F,INNER_CITY,16518.6,YES,0,YES,NO,YES,NO,NO
ID12621,42,F,RURAL,28138.5,YES,0,NO,NO,YES,YES,NO
ID12622,39,M,INNER_CITY,34852.3,YES,1,NO,YES,NO,YES,NO
ID12625,38,M,TOWN,33302.8,NO,0,YES,NO,YES,YES,NO
ID12626,59,F,INNER_CITY,23175.0,YES,0,NO,NO,NO,YES,NO
ID12627,45,F,TOWN,37689.1,NO,1,NO,YES,YES,YES,NO
ID12628,58,F,TOWN,52662.5,YES,1,YES,YES,YES,YES,NO
ID12630,43,M,SUBURBAN,15109.4,YES,0,NO,NO,YES,NO,NO
ID12689,37,M,INNER_CITY,33886.4,NO,0,YES,YES,NO,NO,NO
ID12691,64,M,SUBURBAN,59175.1,YES,1,NO,YES,YES,NO,NO
ID12692,19,M,SUBURBAN,17986.8,YES,0,NO,NO,YES,YES,NO
ID12693,67,F,RURAL,57398.1,NO,3,NO,YES,YES,NO,NO
ID12695,59,M,INNER_CITY,40949.9,NO,0,NO,YES,YES,NO,NO
ID12697,40,F,INNER_CITY,31473.9,NO,2,NO,YES,YES,YES,NO
ID12698,19,M,INNER_CITY,10191.8,YES,0,NO,YES,YES,YES,NO
ID12700,64,F,TOWN,58367.3,YES,1,YES,YES,YES,NO,NO
ID12701,48,M,INNER_CITY,34182.2,YES,2,NO,YES,YES,NO,NO
ID12702,59,F,INNER_CITY,29866.9,NO,1,YES,NO,YES,NO,NO
ID12703,48,M,TOWN,43057.0,NO,1,YES,YES,YES,NO,NO
ID12704,35,M,INNER_CITY,20754.3,NO,0,NO,NO,NO,YES,NO
ID12706,67,F,SUBURBAN,24858.4,YES,0,NO,NO,YES,YES,NO
ID12708,43,F,RURAL,18565.8,YES,1,YES,YES,YES,YES,NO
ID12401,59,F,INNER_CITY,29866.9,NO,1,YES,NO,YES,NO,NO
ID12403,64,F,INNER_CITY,57444.5,NO,1,NO,YES,YES,NO,NO
ID12404,51,M,TOWN,33615.4,YES,1,NO,YES,NO,YES,NO
ID12405,35,M,INNER_CITY,16479.5,YES,0,YES,NO,NO,YES,NO
ID12407,64,F,TOWN,51620.8,NO,2,YES,YES,YES,NO,NO
ID12408,67,F,SUBURBAN,47198.6,YES,2,NO,YES,YES,NO,NO
ID12409,20,M,TOWN,17239.5,NO,1,YES,NO,YES,NO,NO
ID12412,63,M,SUBURBAN,48770.5,YES,1,YES,YES,NO,YES,NO
ID12415,35,M,INNER_CITY,20754.3,NO,0,NO,NO,NO,YES,NO
ID12418,63,M,SUBURBAN,48770.5,YES,1,YES,YES,NO,YES,NO
ID12419,41,M,INNER_CITY,23475.6,YES,0,YES,NO,YES,YES,NO
ID12420,38,M,TOWN,33302.8,NO,0,YES,NO,YES,YES,NO
ID12421,46,M,TOWN,43395.5,NO,1,YES,YES,YES,NO,NO
ID12422,67,F,INNER_CITY,58092.0,NO,2,YES,YES,YES,NO,NO
ID12423,58,F,TOWN,33204.3,NO,1,NO,NO,NO,YES,NO
ID12424,40,M,TOWN,22197.1,NO,0,YES,NO,YES,NO,NO
ID12425,64,M,SUBURBAN,59175.1,YES,1,NO,YES,YES,NO,NO
ID12426,40,M,INNER_CITY,36256.9,NO,0,NO,NO,YES,YES,NO
ID12481,64,M,INNER_CITY,46587.9,NO,0,NO,YES,YES,NO,NO
ID12482,53,F,INNER_CITY,32184.4,YES,2,YES,NO,NO,NO,NO
ID12484,43,M,SUBURBAN,15109.4,YES,0,NO,NO,YES,NO,NO
ID12485,34,F,SUBURBAN,12810.2,NO,3,NO,YES,YES,NO,NO
ID12486,24,F,INNER_CITY,7756.3,NO,0,NO,NO,NO,NO,NO
ID12487,42,M,RURAL,20736.2,YES,1,YES,YES,YES,NO,NO
ID12488,41,M,INNER_CITY,23475.6,YES,0,YES,NO,YES,YES,NO
ID12489,45,F,TOWN,37689.1,NO,1,NO,YES,YES,YES,NO
ID12490,58,F,TOWN,52662.5,YES,1,YES,YES,YES,YES,NO
ID12491,53,M,INNER_CITY,38103.4,NO,2,YES,YES,YES,NO,NO
ID12492,40,M,INNER_CITY,29414.6,YES,1,NO,YES,NO,YES,NO
ID12493,26,F,INNER_CITY,16518.6,YES,0,YES,NO,YES,NO,NO
ID12495,43,F,TOWN,31273.8,NO,1,YES,YES,NO,NO,NO
ID12498,63,F,INNER_CITY,59805.6,YES,1,YES,YES,YES,NO,NO
ID12501,53,M,INNER_CITY,38103.4,NO,2,YES,YES,YES,NO,NO
ID12502,56,F,TOWN,51299.3,YES,1,YES,YES,NO,NO,NO
ID12503,58,F,INNER_CITY,31671.3,YES,1,YES,YES,NO,YES,NO
ID12504,37,M,INNER_CITY,33886.4,NO,0,YES,YES,NO,NO,NO
ID12507,38,M,TOWN,26671.6,NO,0,YES,NO,YES,YES,NO
ID12508,44,M,TOWN,26688.1,YES,1,NO,YES,NO,YES,NO
ID12513,61,F,TOWN,30760.4,NO,2,YES,NO,YES,NO,NO
ID12515,49,F,SUBURBAN,30198.5,YES,0,YES,NO,YES,YES,NO
ID12517,65,F,TOWN,42378.2,YES,1,NO,YES,YES,NO,NO
ID12518,48,M,INNER_CITY,34182.2,YES,2,NO,YES,YES,NO,NO
ID12519,65,F,TOWN,42378.2,YES,1,NO,YES,YES,NO,NO
ID12520,65,M,SUBURBAN,51417.0,YES,2,NO,YES,YES,NO,NO
ID12522,42,M,RURAL,20736.2,YES,1,YES,YES,YES,NO,NO
ID12523,41,M,INNER_CITY,23475.6,YES,0,YES,NO,YES,YES,NO
ID12526,61,M,INNER_CITY,30157.7,NO,1,YES,NO,NO,NO,NO
ID12529,49,M,INNER_CITY,17944.2,NO,1,YES,YES,YES,YES,NO
ID12530,52,M,SUBURBAN,45856.1,NO,1,NO,YES,YES,NO,NO
ID12531,23,F,INNER_CITY,18050.0,YES,0,YES,NO,YES,YES,NO
ID12532,40,M,INNER_CITY,16398.8,NO,1,NO,YES,YES,NO,NO
ID12533,41,F,TOWN,27757.6,NO,0,NO,YES,YES,NO,NO
ID12534,27,F,INNER_CITY,15281.8,NO,0,YES,NO,NO,YES,NO
ID12535,40,M,INNER_CITY,36256.9,NO,0,NO,NO,YES,YES,NO
ID12536,64,F,INNER_CITY,31415.7,NO,1,YES,YES,NO,YES,NO
ID12537,20,M,INNER_CITY,18364.9,YES,1,NO,NO,YES,NO,NO
ID12540,35,M,INNER_CITY,20754.3,NO,0,NO,NO,NO,YES,NO
ID12541,44,F,INNER_CITY,38453.7,NO,2,NO,YES,YES,NO,NO
ID12542,41,M,INNER_CITY,23475.6,YES,0,YES,NO,YES,YES,NO
ID12543,33,F,SUBURBAN,27712.9,NO,2,NO,YES,YES,NO,NO
ID12545,65,F,TOWN,42378.2,YES,1,NO,YES,YES,NO,NO
ID12547,66,M,RURAL,48346.1,YES,1,YES,YES,NO,NO,NO
ID12550,33,F,SUBURBAN,27712.9,NO,2,NO,YES,YES,NO,NO
ID12551,61,F,RURAL,57176.4,NO,2,NO,YES,YES,NO,NO
ID12552,65,F,TOWN,42378.2,YES,1,NO,YES,YES,NO,NO
ID12553,66,M,RURAL,48346.1,YES,1,YES,YES,NO,NO,NO
ID12428,47,M,SUBURBAN,36599.0,YES,3,YES,YES,YES,NO,NO
ID12430,39,M,INNER_CITY,34852.3,YES,1,NO,YES,NO,YES,NO
ID12432,58,F,INNER_CITY,31671.3,YES,1,YES,YES,NO,YES,NO
ID12433,40,F,TOWN,34836.8,YES,1,YES,YES,YES,NO,NO
ID12434,41,F,TOWN,27757.6,NO,0,NO,YES,YES,NO,NO
ID12436,24,F,INNER_CITY,7756.3,NO,0,NO,NO,NO,NO,NO
ID12437,24,M,INNER_CITY,21268.4,YES,0,NO,NO,YES,YES,NO
ID12438,25,F,SUBURBAN,23287.9,NO,0,NO,NO,YES,YES,NO
ID12439,66,M,RURAL,48346.1,YES,1,YES,YES,NO,NO,NO
ID12440,52,F,INNER_CITY,22792.3,YES,1,YES,YES,NO,NO,NO
ID12443,27,F,INNER_CITY,18158.5,NO,1,YES,NO,YES,YES,NO
ID12444,59,F,INNER_CITY,27045.1,NO,0,NO,NO,YES,NO,NO
ID12446,53,F,INNER_CITY,37850.6,NO,1,NO,YES,YES,NO,NO
ID12449,49,M,INNER_CITY,41438.0,NO,1,NO,YES,NO,NO,NO
ID12450,34,F,RURAL,19481.3,NO,0,NO,NO,YES,YES,NO
ID12451,58,F,INNER_CITY,31671.3,YES,1,YES,YES,NO,YES,NO
ID12453,24,F,INNER_CITY,7756.3,NO,0,NO,NO,NO,NO,NO
ID12454,23,F,RURAL,11215.3,YES,2,YES,YES,YES,NO,NO
ID12457,60,M,SUBURBAN,50409.9,NO,2,NO,YES,YES,YES,NO
ID12459,66,F,RURAL,52769.9,YES,3,YES,YES,YES,NO,NO
ID12460,58,F,SUBURBAN,25468.5,NO,0,YES,NO,NO,YES,NO
ID12461,64,M,SUBURBAN,59175.1,YES,1,NO,YES,YES,NO,NO
ID12462,24,F,TOWN,19160.3,YES,1,YES,YES,YES,NO,NO
ID12468,66,M,RURAL,48346.1,YES,1,YES,YES,NO,NO,NO
ID12471,40,M,TOWN,22197.1,NO,0,YES,NO,YES,NO,NO
ID12472,42,M,RURAL,20736.2,YES,1,YES,YES,YES,NO,NO
ID12473,20,M,TOWN,17239.5,NO,1,YES,NO,YES,NO,NO
ID12475,24,M,INNER_CITY,21268.4,YES,0,NO,NO,YES,YES,NO
ID12477,25,F,SUBURBAN,23287.9,NO,0,NO,NO,YES,YES,NO
